"b","S","","","",""
"","OX","hnb","[[","iŗLj",""
"","P","ς炸","炸","",""
"b","QO","","","ij",""
"b","QO","}","","^",""
"b","PV","ACXXP[g","[","iJ^j",""
"b","PQ","ACXzbP[","ق[","iJ^j",""
"","PO֘A","","","^",""
"b","OU","","","","Ԃ̈Ӗ"
"","OT","","Ⴍ","",""
"b","PO","","","",""
"b","OR","ACfBAiACfAj","ł","iJ^j",""
"","OR","hsiZpj","ACeB[i傤قj","",""
"","bP","ɂ","ɂ","",""
"","OX","܂","܂","Ȍ`e",""
"b","QO","`","","ij",""
"","OW","AEg","","iJ^j",""
"","PP","","","",""
"b","PU","","","",""
"","PP","Ԏ","","",""
"b","PV","Ԃۂ","ۂ","`eij",""
"","OU֘A","","","",""
"b","PV","Oۂ","ۂ","`eij",""
"","OS","󂫔","΂","",""
"","OS","炩","炩","Ȍ`e",""
"b","PV","O","","",""
"","OS","","","",""
"b","QO","","","^",""
"","OS֘A","L","イ","",""
"b","OU","ANZ","","iJ^j",""
"","OW֘A","ANZg","","iJ^j",""
"","OW","","","",""
"","bS","܂Łij","܂Łij","",""
"","PO","g","Ƃ","p",""
"b","PU","","","","~J"
"","OP֘A","","","",""
"","OR֘A","`グ","","ij",""
"b","OQ","","","",""
"b","PR","","","",""
"","bS","","΂","",""
"b","QO","r","","","rg"
"b","OQ","","","",""
"","OW","CȂ","Ȃ","`e",""
"b","PV","","","",""
"b","P","t","","^",""
"b","PW","키","키","",""
"","OT","L΂","̂΂","p",""
"","OX","^","͂","p",""
"b","OU","","","^",""
"b","PT","a","","",""
"b","OQ","","","",""
"b","OP","^","","",""
"","OQ","ɗ","܂ɂ","p",""
"","PO","","܂","p",""
"","Q","Y܂","܂Ȃ܂","p",""
"","PO","Ђ˂","܂Ђ˂","p",""
"","OU","`","","ڎi@\j","l"
"","OQ","i`Ɂj","","ij","Jɂ`"
"b","PS","܂","܂","",""
"b","PQ","","","","Y"
"b","OW","","","","\zA"
"","OP","","","^",""
"b","R","","","",""
"b","R","","","",""
"","OV֘A","܂","܂","`e",""
"b","PQ","","","",""
"b","PX","ƂԂ","Ƃ܂","ij",""
"","OW","Abv","","^iJ^j",""
"b","PQ","","","",""
"","OV","Ă͂߂","Ă͂߂","",""
"b","OW","Ă","Ă","","\zA𓖂ĂA𓖂Ă"
"","PQ","Ă","Ă","",""
"","OW","","","",""
"","OT","ЂÂ","ƂÂ","^",""
"b","PX","AhoCX","ǂ΂","^iJ^j",""
"b","QO","","","",""
"b","OS","AiEX","Ȃ","^iJ^j",""
"","OW","AiO","Ȃ낮","iJ^j",""
"","OW","AiOv","Ȃ낮ǂ","iJ^j",""
"b","PV","","Ԃ","",""
"b","PV","ۂ","Ԃۂ","`eij",""
"","OT","ӂ","ӂ","",""
"b","S","Â","܂","`e","`ɊÂ"
"b","PT","J","܂","",""
"b","OS","A}`A","܂゠","iJ^j",""
"b","PQ","Â","܂","",""
"","OT","Â₩","܂₩","",""
"","OR","`]","܂","ڎiڔj",""
"","OU","܂iɁj","܂iɁj","",""
"b","PR","AJtbg{[","߂肩ӂƂځ[","iJ^j",""
"b","P","","₵","`e",""
"","bS","","܂","",""
"","bS","","܂","",""
"","OP","","","",""
"","OV","炩","炩","",""
"","OP","","炻","",""
"","PO","V","炽","Ȍ`e",""
"","OQ","܂","炽܂","",""
"b","PO","߂","炽߂","",""
"","OR","","","A̎",""
"b","OQ","\E\킷","킷","",""
"b","PO","E","","",""
"b","OQ","A","","","a"
"b","bR","L","肪","`e",""
"","OR","邢","邢","ڑ",""
"","OU","","邫܂","ij",""
"b","OT","x","Ă","ij",""
"","OW֘A","At@xbg","ӂׂƂ","ij",""
"","OW","ꂱ","ꂱ","",""
"","OP","AM[","邬[","iJ^j",""
"b","OQ","킹","킹","","w킹"
"","OV","QĂ","Ă","",""
"","OT","","","",""
"","R","","","Ȍ`e",""
"b","PW","ĊO","񂪂","",""
"b","OT","AP[g","񂯁[","iJ^j",""
"","OQ","","Ă","^",""
"","OV","萫","Ă","",""
"","bS","ē","Ȃ傤","",""
"b","PW","Ă̒","̂傤","",""
"b","QO","","","ij",""
"","OS","\","킷","ij",""
"","P","Ԃ","","ij",""
"","OU","","","ij",""
"b","PX","","","ij",""
"","PP","Ȃ","Ȃ","",""
"","PO","","Ԃ","",""
"b","QO","ԈႢ","܂","",""
"","bQ","","킯","^",""
"","OX","ψ","񂩂","",""
"b","OQ","ƒ","イ","",""
"b","OP","CG[","[","iJ^j",""
"b","OS","ӊO","","Ȍ`e",""
"b","OV","`ȊO","","ڎiڔj",""
"b","OW","ӊOɂ","ɂ","",""
"b","bS","","","",""
"","OR","","","",""
"b","PU","ɂ","ɂ","",""
"","PP","{","","",""
"","PP","{","","",""
"","OT","","","",""
"","PQ","","","",""
"","PO","s~܂","ǂ܂","",""
"","OQ","","","",""
"b","OX","","","",""
"b","PO","i`ājiPj","","i@\j",""
"b","PR","i`ājiQj","","i@\j","AXyNg"
"","PO֘A","Sn","","",""
"b","PS","","","",""
"","OP","iƂƂj","ƂƂ","ij",""
"","OP","Y","","",""
"","OU","ӎu","","",""
"","Q","ێ","","^",""
"","P","Γ","","",""
"b","PV","ӎ","","^",""
"","OX","΂̏ɂON","̂ɂ˂","piƂ킴j",""
"","OP","߂","߂","",""
"","P","Ԏӗ","傤","",""
"b","Q","ُ","傤","Ȍ`e",""
"","P","Ӓn","","Ȍ`e",""
"","PQ","","","",""
"","OV","ِ","","",""
"b","R","ȑOíj","@","",""
"","OX","ˑRƂ","Ƃ","ij",""
"b","PQ","","","",""
"","PQ","","","",""
"b","PQ","ɂ","","",""
"","OT֘A","ɂ","","",""
"b","PW","߂","߂","","u߂"
"","OT֘A","ɂ߂","߂","",""
"","OQ","","","",""
"","PO","","","",""
"b","R","","","",""
"","OT","ꉞ","","",""
"","OT","x","ǂ","",""
"","OS","lO","ɂ܂","",""
"b","PP","ꕔ","","",""
"","PP","ꗥ","","",""
"","OX","ꗬ","イ","",""
"","OV","","","",""
"","PO","C","","",""
"","OS","ꌩ","","",""
"","PQ","","","",""
"","PQ","ˌ","","",""
"","OS","","","",""
"b","PP","ꐶ","傤","",""
"","OQ","Ă","","",""
"","OS","Γ","ɂ傤","piƂ킴j",""
"b","PQ","w","","",""
"","P","","","",""
"","Q","̂ƂȂ","ƂȂ","p",""
"","bS","","","",""
"","OQ֘A","v","","^",""
"","OX","","Ă","",""
"b","OR","ς","ς","^",""
"b","PS","","ς","",""
"b","PR","ʓI","ςĂ","Ȍ`e",""
"b","S","ꕞ","Ղ","^",""
"b","PS","","ۂ","ڑ",""
"","OS","i`j","ۂ","i@\j","`"
"b","PP","","ۂ","","ǂ炩"
"","OW","I","ۂĂ","Ȍ`e",""
"","OP","܂ł","܂ł","ij",""
"","PQ","`q","ł","",""
"","PO","Ӑ}","","^",""
"b","PQ","Ƃ","Ƃ","",""
"","OX","c","ƂȂ","",""
"","OX","c","ƂȂ","",""
"","OQ","","̂","",""
"","PO","В","΂","",""
"","PO","т","т","",""
"","P","ٕ","Ԃ","",""
"","P","ٕԃR~jP[V","Ԃ񂩂`","iJ^j",""
"","OT","@","ق","Ȍ`e",""
"b","OP","","","",""
"","P","","܂","",""
"","OW","","܂","",""
"b","OR","ł","܂ł","",""
"b","OR","ł","܂ł","ij",""
"","OX","","܂ǂ","^",""
"","OQ","܂ЂƂ","܂ЂƂ","",""
"b","OP","܂","܂܂","ij",""
"b","OP","C[W","߁[","^iJ^j",""
"","PQ","X","₢","",""
"","OP","点","₪点","^",""
"","bP","","₵","",""
"","bP","","₷","",""
"","PQ","悢","悢","",""
"","OV","ӗ~","悭","",""
"","OQ","ȗ","炢","",""
"b","PS","炢","炢","i[ԁj",""
"b","OT","","傤","",""
"","OT","","","",""
"b","PQ","","","",""
"b","PQ","","","",""
"","OX","ʊ֌W","񂪂񂯂","",""
"","OP","","񂳂","^",""
"b","OX","^]","񂵂イĂ","@",""
"","OP","","񂵂傤","",""
"","OU","","񂽂","^",""
"b","PU","C^r[","񂽂т[","iJ^j",""
"b","OP","ECXL[","[","iJ^j",""
"b","PS","ECX","邷","iJ^j",""
"b","QO","ECN","","^iJ^j",""
"b","OU","ECh[VbsO","ǁ[҂","^iJ^j",""
"b","PT","E[","[","iJ^j",""
"","OW","","","","@"
"b","PR","","","",""
"b","PV","オ","","ij",""
"","OP","","","",""
"","OS","","܂","",""
"","P","󂯕t","","ij",""
"","OP","󂯎","Ƃ","ij",""
"b","OQ","","","",""
"","OR","","Ȃ","",""
"b","PV","p","낷","",""
"","OQ֘A","^","","",""
"b","PV","Â","炢","`e",""
"","OX","","","p",""
"","PP","^","","",""
"","PQ","^킵","킵","`e",""
"b","OT","","","","Q́|"
"","OR֘A","łグ","","ij",""
"","bS","ł킹","킹","ij",""
"","OU","F","イ","",""
"","PP","","","",""
"","PP","","킯","",""
"b","QO","","","",""
"b","OV","","","`e",""
"","OR","f","","",""
"","OR","i","","",""
"","R","Ղ","Ղ","",""
"","OS","f","","",""
"","OP","ʂ","","",""
"","PO֘A","ڂ","","",""
"b","OQ","r","","",""
"b","OU","Ƃ","Ƃ","i[ԁj",""
"b","QO","Ȃ","Ȃ","",""
"","OU֘A","D","΂Ƃ","ij",""
"","OU֘A","D","΂","",""
"b","PX","܂","܂","",""
"b","PQ","܂","܂","",""
"","OS","L","","",""
"","OS","ߗĂ","߂Ă","ij",""
"b","OT","߂","߂","",""
"b","PV","","炪","p",""
"b","PW","؂","炬","",""
"b","OW","肢","Ȃ","",""
"b","OW","肢t","Ȃ","",""
"b","PT","肤@","Ȃ","",""
"","OU","܂","܂","`e",""
"","PQ֘A","","","",""
"b","PW","グ","肠","",""
"","OR֘A","グ","肠","ij",""
"b","PU","J","傤","",""
"","OV","`","`^","i@\j",""
"","OW","C","킫","^",""
"","PP֘A","","܂","",""
"b","OW","^","","",""
"","OT","^c","񂦂","^",""
"b","OR","^","񂿂","",""
"b","OU","^]","Ă񂵂","",""
"","OS","^","ς","^",""
"","OS","^","߂","",""
"","OW֘A","ppiTj","iĂj","",""
"b","OP","e","傤","^",""
"","OS","cƃ}","傤܂","",""
"b","OX","q","ق","",""
"","OU","f","","",""
"b","OX","h{","悤","",""
"","OX","h{f","悤","",""
"","OS֘Au","c","","",""
"","OW֘A","paiTj","iĂj","",""
"","OS֘A","`sl","G[eB[G","",""
"b","PS","Ί","","",""
"","OP","`","","",""
"b","OU","SFf","ӂ","",""
"b","PT","GXjbNij","ɂ傤","iJ^j",""
"","PQ","}","","",""
"","R","mgj","ʂ[","iŗLj",""
"b","PS","NKiזEj","ʂڂ","iŗLj",""
"","OS֘A","mfn","GkW[I[","",""
"","OP","mon","ʂҁ[[","",""
"","PO","̂","炢","`e",""
"b","PQ","G[g","[","iJ^j",""
"b","OX","","","",""
"b","OT","~","","","`"
"","bT","","","",""
"","OT","","","",""
"","PQ","","","^",""
"b","PQ","Z","","^",""
"","PP","~Ot","񂮂","iJ^j",""
"b","PT","|","񂰂","",""
"b","PX","","","",""
"","PQ","l","񂶂","",""
"b","OU","GXg","񂷂","^iJ^j",""
"b","PV","t","񂻂","^",""
"b","OW","`~","񂾂܁@","ڎiڔj",""
"","OU","","񂿂傤","^",""
"","OX֘A","","񂿂傤","",""
"","Q","","Ԃ","",""
"","OP֘A","ǂ","","ij",""
"","OP֘A","ǂ","","ij",""
"","OX֘A","ǂ","ʂ","ij",""
"","OR","ǂ","","ij",""
"","OV","ǂ","","",""
"","OW","","","",""
"b","OW","","","^",""
"b","bV","","","i`^j",""
"","OX","","ӂ","^",""
"","OR","","","^",""
"b","PU","J","","",""
"","R","傢","","",""
"","PQ","","","",""
"","R","傪","","Ȍ`e",""
"b","PW","","","","u|̗\zv"
"","OQ֘A","^","","",""
"","OP","吺","","",""
"b","OT","","傤","iŗLj",""
"b","PW","I[o[","[΁[","Ȍ`e","֒"
"b","QO","I[o[","[΁[","^iJ^j",""
"b","PT","΂","΂","^Ȍ`e",""
"","PQ","啝","͂","Ȍ`e",""
"","PP","r","т","",""
"b","PQ","","ނ","",""
"b","bW","Ɓij","ij","",""
"b","OX","@","䂫","",""
"","OW","Ƃ","","",""
"b","OR","","˂","",""
"","PP","","","",""
"b","PW","","","^",""
"","OU","u","","ij",""
"","bS","₤","Ȃ","",""
"","OQ","z","","",""
"b","PV","{ۂ","ۂ","`eij",""
"b","OU","N","","","̂N"
"b","bP","{","","",""
"b","PV","","","",""
"","OT","}","","",""
"","OT","c","Ȃ","`e",""
"","P","cȂ","ȂȂ","",""
"","OP","܂","܂","",""
"","PP","[߂","߂","",""
"","OP","߂","߂","",""
"","bT","ɂ","","`e",""
"b","OQ","","","^",""
"","OW","|","","ij",""
"","PQ֘A","ɂ","","",""
"","OP","ׂ","ׂ","^",""
"b","OP","ז܂","܂܂","p",""
"","PO֘A","","","Ȍ`e",""
"","Q","񂹂","悹","ij",""
"","bT","","","",""
"","OS","","","^",""
"b","PW","","","",""
"","OW","炭","炭","",""
"","OX","","","","i`jꂪ"
"b","bQ","","ꂢ","@",""
"","PQ֘A","","","",""
"b","PT","","","",""
"b","QO","݂","","",""
"b","bT","݂l@","","",""
"","OW","","","ij",""
"b","PV","","","",""
"","PQ","g","","",""
"","bU","ǂ","","",""
"b","OQ","ł","ł","",""
"","OQ","","ǂ","",""
"b","OR","N","Ƃ","",""
"b","PS","K","Ƃ","",""
"b","OQ","l","Ƃ","",""
"b","PO","ƂȂ","ƂȂ","`e",""
"b","PV","lۂ","ƂȂۂ","`eij",""
"","OP","","Ƃ낦","",""
"b","OS","","ǂ낭","",""
"b","OQ","S","","",""
"b","PW","","ɂ","",""
"b","PU","ɂ","ɂ","",""
"b","OQ","S","ɂ","",""
"","OQ","","т₩","",""
"b","PQ","тт","т","",""
"b","S","ItBX","ӂ","iJ^j",""
"","OW","o","ڂ","","e݂o"
"","P","ڂ","ڂ","",""
"b","OX","~","ڂ","",""
"","P","v","","",""
"","PO","v","","ij",""
"","bR","v؂","","",""
"b","PS","v؂","","",""
"","P","v","","ij",""
"b","OR","v","","",""
"","OX","","Ɂ^","",""
"b","PQ","d","","",""
"b","PO","v킸","킸","",""
"b","S","eq","₱","",""
"b","S","","","",""
"b","OQ","ew","","",""
"","OU","悻","悻","",""
"","OR","","","ڑ",""
"","OS֘A","y","","",""
"","OS֘A","yڂ","ڂ","",""
"","PQ","IE[^","񂤁[","iJ^j",""
"","PQ","","","","B"
"b","OR","IsbN","҂","iJ^j",""
"b","PR","","ꂢ","",""
"","PP֘A","܂Ot","ꂹ񂮂","iJ^j",""
"b","OP","IW","","","F"
"b","OU","`I","","i@\j",""
"b","Q","","񂵂","",""
"","PP","","񂵂","",""
"","OQ","","񂹂","",""
"","OS","g","񂾂","Ȍ`e",""
"b","Q","g","񂾂","",""
"b","Q","x","","",""
"","OR","","","",""
"","OT","J[irQ[V","[Ȃт[","iJ^j",""
"","OS֘A","Q","","",""
"","OT","グ","","ij",""
"","OS","","񂹂","",""
"","OS","","","ij",""
"","OR","v","","",""
"b","bQ","","","^",""
"","Q","","","^",""
"","OQ","J","","^",""
"","PQ","J","","^",""
"","OX","","イ","^",""
"b","R","Oo","","^",""
"","OR","OH","傭","^",""
"b","PQ","C","","",""
"b","PX","`","","ڎiڔj",""
"","OP","","","^",""
"","OP","","","^",""
"","Q","P","","^",""
"b","OQ","idԁj","","",""
"b","QO","K","Ă","Ȍ`e",""
"b","R","","ʂ","",""
"","OQ","J","͂","^",""
"b","bP","","","",""
"","OR","","ӂ","^",""
"","PQ","J","ق","^",""
"","OP","JI","قĂ","Ȍ`e",""
"","PP","","߂","^",""
"","OP","O","炢","",""
"","OQ","","傤","^",""
"b","OP","JE^[","񂽁[","iJ^j",""
"b","PP","","","",""
"b","OU","ウ","","",""
"","OW","猩m","݂","",""
"b","PQ","","","",""
"b","OV","","","",""
"","OU","","","",""
"","PP","i","","",""
"b","PX","w","","",""
"b","PQ","w","傤݂傤","",""
"b","PX","ȊwI","Ă","Ȍ`e",""
"","OU","","","ij",""
"b","OQ","","","",""
"","OR","","","",""
"","OS","P","₭","",""
"","OR","","","",""
"","OV","L","","",""
"","OR֘A","グ","","ij",""
"b","PS","","","",""
"","PP","z","","",""
"b","PQ","i","","",""
"","OR","i","","",""
"b","QO","wK","イ","^",""
"b","PS","B","","",""
"","OR","w","傤","",""
"","OU","g","","^",""
"b","OQ","en","","",""
"","OQ","m","Ă","^",""
"","PP","m\","Ă񂱂","^",""
"b","PQ","iZ","Ƃ","",""
"","OX֘A","l","Ƃ","^",""
"b","OR","w","","",""
"","OS","w","","",""
"b","PV","z","Ԃ","",""
"","PQ","j","ւ","",""
"","OQ","m","","^",""
"","PQ","w","߂","",""
"","Q","m","","^",""
"b","OR","w","ꂫ","",""
"b","PS","B","","",""
"","PO֘A","`|","","ڎiڔj","Rl|̃e[u"
"","OX","","","^",""
"","PQ","","͂Ȃ","ij",""
"b","PO","","","","Ԃ"
"b","OV","|","","","|Z"
"","OQ","`","","i@\j","JniHׂj"
"","OP֘A","`","","ij","b"
"b","Q","ߋ","","",""
"","OV","H","","^",""
"","OW","~","","^",""
"","OX","ߍ","","Ȍ`e",""
"","OR","͂","","",""
"b","PU","΍","","",""
"b","OV","dȂ","Ȃ","",""
"b","OV","d˂","˂","",""
"b","PU","ΎR","","",""
"","OP","Ǝ","","",""
"","OQ","݂؂","","",""
"b","Q","","","`e",""
"","OR֘A","ʎ","ウ","",""
"","bS","i`jӏ","","",""
"","OS","","","",""
"b","OW","","","",""
"","OR","","݂","iŗLj",""
"","PP","ۂ","","",""
"","OW","ΐ","","",""
"","PP","ې","","",""
"","PQ","","","",""
"","bR","҂","","",""
"","bR","JZbgR","Ƃ","iJ^j",""
"b","OQ","","","",""
"","OQ","`^","","ڎiڔj",""
"","PO","`","","ڎi@\j",""
"","OX","Ўv","","^",""
"b","OT","Б","","",""
"","OU","܂","܂","",""
"","R","X","ނ","",""
"","OR֘A","΂","","",""
"b","QO","荇","肠","ij",""
"","OQ","","","",""
"","PO","","","p",""
"b","PU","`","","ڎi@\j",""
"","OP","liρj","ij","",""
"b","PV","ے","傤","",""
"","OS","C","","",""
"b","OT","w","","",""
"","OU","I","Ă","Ȍ`e",""
"","OT","h","","^",""
"","OV","","","",""
"b","bQ","","","`e",""
"b","OQ","wZ","イ","",""
"","Q","","","",""
"","OT","","","Ȍ`e",""
"","OP","","ǂ","^",""
"b","PO","","ς","Ȍ`e@",""
"b","PW","Jbv","Ղ","iJ^j",""
"b","P","","₭","^",""
"b","S","ƒ","Ă","",""
"","PQ","ߒ","Ă","",""
"","OS","ے","Ă","",""
"","OS","ƓdTCN@","ł肳ق","iŗLjiJ^j",""
"b","PS","","","","΂ɕ"
"b","PQ","߂","Ȃ","",""
"","PQ֘A","߂","Ȃ","",""
"b","OQ","Â","ȂÂ","",""
"b","QO","K","Ȃ炸","",""
"","Q","","ɂイ","^",""
"","PO","`˂Ȃ","˂Ȃ","ڎi@\j",""
"b","OR","","˂","",""
"","OS","Ri݁j","˂","",""
"b","OT","\","̂","Ȍ`e",""
"","OV","\","̂","",""
"","OS","Jo[","΁[","iJ^j",""
"","OQ","g^㔼g","͂񂵂^傤͂񂵂","",""
"","OX","ߔ","͂񂷂","",""
"b","PU","","","",""
"","PP","","","",""
"","OP","ԕ","ӂ񂵂傤","",""
"","PO֘A","Ǎ","ׂ","",""
"b","PO","䖝","܂","^",""
"","PQ","_","","",""
"b","PS","^","݂","",""
"b","PP","_l","݂","",""
"b","R","݂","݂","",""
"b","PU","","݂Ȃ","",""
"","OW","","݂Ȃ肪","p",""
"b","PT","","݂","",""
"b","PR","J}","߂܂","iJ^j",""
"","PO","","߂","",""
"","OR","䂢","䂫","`e",""
"b","PS","炪","炪","Ȍ`e",""
"b","OQ","JX","炷","","G"
"b","OQ","̂","炾","",""
"b","PU","","","",""
"b","PR","","","",""
"b","PQ","h","","",""
"","R","","","",""
"b","Q","","","",""
"","PP","","","",""
"b","PR","","イ","",""
"b","QO","y","邭","",""
"","OU","JVE","邵","iJ^j",""
"","OR","J`[VbN","邿[","iJ^j",""
"b","OU","K[W","[","iJ^j",""
"b","P","ނ","","",""
"","OT֘A","","","",""
"b","OP","","킩","",""
"b","PR","쉺","킭","",""
"b","QO","","킷","","t킷"
"b","bQ","","","","i`́j"
"b","OU","","","",""
"b","OX","`","","ڎiڔj",""
"b","PS","K","","","a"
"","OX","","񂨂","",""
"b","bQ","l","񂪂","","lƂ"
"b","PS","񂩂","񂩂","i[ԁj",""
"","OW֘A","C","񂫂","",""
"b","PR","ϋq","񂫂Ⴍ","",""
"b","PX","","񂫂傤","",""
"","bR","}","񂰂","^",""
"b","OV","֌W","񂯂","",""
"b","OS","","","",""
"","P","","","Ȍ`e",""
"b","PS","όn","񂱂","",""
"b","PR","Ōw","񂲂","",""
"b","S","ώ@","񂳂","^",""
"","PP","Z","񂳂","^",""
"","OU","","񂶂Ƃ","ij",""
"","OP","","񂶂","",""
"","bS","菑","񂵂","",""
"b","PT","ӏ","񂵂傤","^",""
"","R","_","񂶂傤","",""
"b","OP","","񂶂","i`^j",""
"b","PX","S","񂵂","^",""
"b","PX","֐S","񂵂","",""
"b","PX","ւ","񂷂","",""
"b","OU","","񂹂","^",""
"","PP","Ԑڐ","񂹂","",""
"","OX","ϐ","񂹂","^",""
"","OX","","񂹂","^",""
"b","QO","S","񂺂","",""
"b","OT","z","񂻂","",""
"b","PP","z","񂻂Ԃ","",""
"","OU","Q","񂽂","^",""
"","PO","Ⴂ","񂿂","^",""
"","OR","X","񂿂傤","",""
"b","PU","֓inj","Ƃ","iŗLj",""
"","OP","I","ǂĂ","Ȍ`e",""
"","OQ","ē","Ƃ","",""
"b","bV","ٓ","Ȃ","",""
"","OW֘A","ؓiTj","ɂiĂj","",""
"","OU","JjO","ɂ","^iJ^j",""
"","PP","؂","؂","Ȍ`e",""
"b","bQ","]","ڂ","^",""
"","OP","pi^\j","悤i^Ђ傤j","",""
"","Q","","ꂢ","Ȍ`e",""
"","Q","֘AÂ","Â","ij",""
"b","OQ","aiTj","iĂj","",""
"","OX","C","","",""
"b","OX","L[L[","[[","i[j",""
"","Q","L[[h","[[","iJ^j",""
"b","OS","c","","",""
"","OW","L","","^",""
"b","OP","C","","",""
"","PO","@BI","Ă","Ȍ`e",""
"","OR","Ki","","",""
"","PP","揑","","",""
"","bP","Ci܂Ȃ","܂Ȃ","p",""
"b","OV","C","","p",""
"","OP","CU","","p",""
"b","PX","Cy","","",""
"b","OT","","","",""
"b","Q","@","@","",""
"","OR","@","","",""
"","OR","@","","",""
"","OU֘A","^","Ƃ","ij",""
"b","PS","","傤","",""
"b","PT","","","","N[["
"","OV","","","",""
"","OQ","","","",""
"","OX֘A","","","^",""
"b","Q","C","","",""
"b","OU","A","","^",""
"","OP֘A","","","",""
"b","OV","L","","","@"
"b","PR","Zt","","",""
"","PP","M","","",""
"","OQ","bҏ","","",""
"b","Q","Cہij","傤i傤j","",""
"","Q","N]","傤Ă񂯂","",""
"b","OX","A","","^",""
"","OP","","","^",""
"","R","K","","^",""
"","OW","]","","",""
"","T","","","",""
"","OV","b","","",""
"","OX֘A","","","",""
"","OV","A","","^",""
"b","OW","","","^",""
"","OR֘A","bグ","","ij",""
"","OR֘A","b","","",""
"b","PS","A","","^",""
"","R","Md","傤","Ȍ`e",""
"","OQ","Mdi","傤Ђ","",""
"","OV֘A","{","傤߂","Ȍ`e",""
"","OS֘A","","","`e",""
"b","bP","i","","^",""
"","OR","","","",""
"","OS֘A","C","Â","^",""
"b","OQ","","","",""
"","PO","@]","Ă","",""
"","PO","@]","Ă񂪂","p",""
"b","OS","Cɓ","ɂ","p",""
"","OP","Cɂ","ɂ","p",""
"","OP","CɂȂ","ɂȂ","p",""
"","OR","L","ɂイ","^",""
"b","OV","MlXubN","˂Ԃ","iŗLjiJ^j",""
"b","OT","LO","˂","^",""
"","OS","@\","̂","^",""
"b","PP","̂","̂","",""
"","PO","C̓","̂ǂ","Ȍ`e",""
"","PQ","؂̎","̂","",""
"","OR","K","","",""
"b","bQ","]","ڂ","^",""
"b","OS","{I","قĂ","Ȍ`e",""
"","PO","C܂","܂","`e",""
"b","PT","ij","܂ij","",""
"","PO","܂","܂","",""
"","PO","܂","܂","",""
"","PO","܂蕶","܂","",""
"b","OQ","܂","܂","",""
"","OR","`C","`","ڎiڔj",""
"b","OX","`","","",""
"","P","߂","߂","ij",""
"b","PX","^","","",""
"b","PS","M[M[","[[","i[j",""
"","OU","t","Ⴍ","",""
"","OW֘A","t","Ⴍт","",""
"","OW","s","Ⴍ","^",""
"","OX֘A","t]","ႭĂ","^",""
"","OX֘A","t]","ႭĂ񂪂","^",""
"b","PX","t","Ⴍ","",""
"","OV֘A","qϐ","񂹂","",""
"","OV֘A","qϓI","Ă","Ȍ`e",""
"","OQ","Mbv","","iJ^j",""
"b","OW","Mu","Ԃ","iJ^j",""
"b","OT","","イ","",""
"","bT","x","イ","",""
"","OT","xٓ","イ","",""
"b","OU","xe","イ","",""
"b","OU","xe","イ","",""
"b","PW","","イ","",""
"","OQ","~","イ","^",""
"","PQ","l","イ","",""
"","OP","}","イ","Ȍ`e",""
"b","OU","}u[L","イԂ[","iJ^j",""
"","PP","^","イ","",""
"b","OW","}p","イ悤","",""
"b","S","iƁj","","",""
"","OV֘A","p","悤","Ȍ`e",""
"","OR","","傤","",""
"","OX","E","傤","",""
"b","OR","Z","傤傤","",""
"","PQ","","傤イ","^",""
"","OS","Ǝ","傤","",""
"b","PR","","傤","",""
"b","QO","K","傤イ","",""
"b","OV","","傤","^",""
"","OQ","","傤","^",""
"b","P","","傤傤","^",""
"b","P","","傤","^",""
"b","P","ʓ_","傤Ă","",""
"","OU","","傤ǂ","",""
"","R","","傤͂","^",""
"","OV","|","傤","",""
"","R","[","傤݂Ԃ","`e",""
"","PP","{","傤悤","",""
"","OU","","傤イ","",""
"b","PW","s","傤","",""
"b","OS","","催傤","",""
"","OV","ɒ[","傭","Ȍ`e",""
"","OW","","傾","Ȍ`e",""
"b","OU","","","",""
"","PQ֘A","","邢","",""
"","bP","","炤","",""
"","OT","Cy","炭","Ȍ`e",""
"","OS","`","","ڎi@\j","l"
"b","PU","","","",""
"","OP","","","",""
"","OT֘A","؂菝","肫","",""
"","OQ","肬","肬","",""
"","bR","؂o^","肾","ij",""
"","PO","؂蔲","ʂ","ij",""
"","OS","`","","i@\j","i肫j"
"","OV֘A","ꂢD","ꂢ","Ȍ`e",""
"b","OV","L^","낭","",""
"","OP","c_","","^",""
"","Q","ۗ","킾","",""
"","PP֘A","ۗ","킾","",""
"","PQ","ɂ߂","߂","",""
"","OU","C","Ȃ","p",""
"","bT","C𗎂Ƃ","Ƃ","p",""
"","OU","Cz","΂","p",""
"b","OP","iFj","","",""
"b","OP","iFj","","",""
"b","OW","t","񂩂","",""
"","PO֘A","","񂯂","",""
"","PO֘A","","","",""
"","OP֘A","ւ","񂶂","i`^j",""
"","PO","ْ","񂿂傤","",""
"","OU","ߔN","˂","",""
"","OT","Ζ","","^",""
"","PO","ߗ","","",""
"","PP","ΘJ","낤","","ΘJӗ~"
"","OX","HႤ","","ij",""
"","OR","H","","",""
"","PO","","","i[ԁj",""
"b","OR","","","",""
"b","OR","","","",""
"b","OQ","O[`Lp[","[傫ρ[","","񂯂"
"b","PT","N[[","[[","iJ^j",""
"","OT֘A","","","",""
"b","PQ","L","","`e",""
"b","PQ","","","",""
"","PQ","g","","^",""
"","bQ","","傤","",""
"","OW","S","","^",""
"","OW","Ŝ","̂","p",""
"b","PS","","","i[ԁj",""
"b","OQ","w","","",""
"b","PV","","","",""
"","OV֘A","̐","","",""
"b","OR","̓I","Ă","Ȍ`e",""
"","R","","","","f"
"","OX","~","","",""
"","OW","Ȃ","Ȃ","`e",""
"b","PR","","","",""
"","P","s","","",""
"","PP","","","^",""
"b","OQ","΂","΂","",""
"","PO","͍Ђ̂","͂킴킢̂","p",""
"b","OQ","O","т","",""
"","PO","o","","p",""
"b","OU","","","i[ԁj",""
"","OU","","","",""
"b","P","","","",""
"","OV֘A","ǂ","ǂ","`e",""
"","OU","z","΂","",""
"b","OQ","","","",""
"b","PV","","т","",""
"b","PP","ɂȂ","тɂȂ","p",""
"","OQ","","т","",""
"b","PQ","Hv","ӂ","^",""
"","OR","敪","Ԃ","",""
"b","OQ","","ׂ","^",""
"","OV","gij","݂킹","ij",""
"","PP","gݍ","݂","ij",""
"b","OQ","g","","",""
"","OV","","","",""
"b","PT","_","","",""
"","OU","","₵","`e",""
"","OU","₵","₵","",""
"","OS","","","",""
"","bT","悭","悭","i[ԁj",""
"","Q","H炤","炤","",""
"b","QO","NNV","炭","iJ^j",""
"b","PR","炷","炷","",""
"b","OX","OX","炷","iJ^j",""
"b","PX","NX","炷イ","iJ^j",""
"","OQ","NbJ[","[","iJ^j",""
"b","OQ","OtBbN","ӂ","iJ^j",""
"b","OP","ׂ","ׂ","",""
"","bR","NA[","NA[","^iJ^j",""
"b","OP","O[","[","iJ^j",""
"b","OV","JԂ","肩","",""
"b","PR","i`ājiQj","","i@\j","AXyNg"
"b","PO","i`ājiPj","","i@\j",""
"b","PX","","邤","",""
"","OX","ꂵ","邵","",""
"b","R","Ԃ","܂","",""
"b","OP","O[","[","iJ^j",""
"","bS","N[","[","iJ^j",""
"","OQ","J","낤","^",""
"b","PT","","남","",""
"b","PT","N[ilԁj","[ɂ񂰂","iJ^j",""
"b","PV","ۂ","ۂ","`eij",""
"","OP","","킦","",""
"","OR","H","","","ɐH"
"","OS","","","",""
"","PP֘A","񂮂","񂮂","i[ԁj",""
"b","OX","R","񂽂","",""
"b","R","P","","^",""
"","OX","PA","","iJ^j",""
"","OQ","|","","",""
"b","OT","oc","","^",""
"b","OR","oc","","",""
"b","OR","v","","^",""
"b","OW","iC","","",""
"","PP","o","񂫂イ","",""
"","PP","f","","^",""
"","OV֘A","oϐ","","",""
"","OV֘A","oϓI","Ă","Ȍ`e",""
"b","PV","Y","","",""
"b","bW","`","","",""
"","OU","y","ǂ","",""
"","bP","f","΂","",""
"b","OT","|p","","",""
"","PQ","n","Ƃ","",""
"","PO","yׂ","ׂ","^",""
"","OW","Y","ނ","",""
"","OQ","_","₭","^",""
"","OV","o","","",""
"b","OQ","Q[","[","iJ^j",""
"b","OR","","傤","",""
"b","PT","","傤","^",""
"b","PX","QXg","","iJ^j",""
"","OU","","","",""
"b","PO","","","Ȍ`e",""
"","P","P`bv","","iJ^j",""
"","bU","","","","̂"
"b","PX","","","^",""
"b","PS","t","","",""
"b","OT","","","",""
"","Q","ʓI","Ă","",""
"","OS","","","",""
"b","OR","","イ","",""
"","OU","","傭","",""
"","PQ","\","","Ȍ`e",""
"b","OR","","","",""
"b","PV","","","",""
"b","OW","","傤","",""
"","OQ","S","","^",""
"b","bU","","","^",""
"","OX֘A","","Ă","",""
"","OP","_","Ă","",""
"","PQ","","ׂ","^",""
"b","bP","","܂","",""
"","OU","_","","",""
"b","PQ","","ނ","",""
"b","PS","炰","炰","i[ԁj",""
"","OT֘A","R","","",""
"b","OS","`ǁij","ǂ","ڑ",""
"b","PS","`","","ڎij",""
"","Q","`","","ڎij","PAQ"
"b","OV","E","񂩂","",""
"","OV֘A","","񂫂","Ȍ`e",""
"","PQ","","","",""
"","OR֘A","e","񂱂","",""
"","bS","Nff","񂱂񂾂񂵂","",""
"","OR֘A","ep","񂱂悤","",""
"b","OT","","","^",""
"b","OU","","񂴂","",""
"","OW֘A","","񂳂","^",""
"b","PR","","񂶂","",""
"","OV֘A","","񂶂","",""
"","OV֘A","I","񂶂Ă","Ȍ`e",""
"","OR","C","񂵂イ","^",""
"b","PR","","񂵂傤","^",""
"","PQ","l","񂶂","",""
"","OP","","񂹂","^",""
"","PP","򒥎","񂹂񂿂傤イ","^",""
"","OS֘A","","񂼂","^",""
"","OS","l","񂾂","",""
"","OR","n","","",""
"","R","","񂿂","Ȍ`e",""
"","OS","","Ă","^",""
"b","QO","","Ƃ","^",""
"","R","","ǂ","",""
"","OV","","ǂ傭","",""
"","OX","","","",""
"","OQ","","","",""
"b","PP","q","","",""
"b","PQ","","","",""
"","OP","s","","",""
"","PP","","","^",""
"","bP","u","","^",""
"b","OX","","","",""
"","PO֘A","","","Ȍ`e",""
"b","PQ","qC","","^",""
"b","PX","","","^",""
"","OS֘A","wXbO","","iJ^j",""
"","PP","z","","Ȍ`e",""
"b","PX","Hw","","",""
"b","OX","ʓI","Ă","Ȍ`e",""
"","bQ","","","^",""
"","bR","","","",""
"b","OX","DS","","",""
"","OP","","イ","Ȍ`e",""
"b","OS","","傤","",""
"b","OS","H","傤","",""
"","OQ֘A","DiC","","",""
"","OQ","U","","^",""
"b","PX","Z","","",""
"","OP","L","","",""
"","OQ","݂","","",""
"","OV","","","",""
"","PQ","H","","^",""
"b","PT","H","","^",""
"b","PQ","","","",""
"b","PV","Odb","イł","",""
"","PP","","Ƃ","",""
"","OX֘A","XV","","^",""
"b","PU","^","","",""
"","OR֘A","F","Ⴍ傭傤","",""
"","OR֘A","ۑ","ق傤","",""
"b","OU","H","ǂ","",""
"","OQ","","","^",""
"","OX","n","","",""
"b","PP","Z","傤","",""
"b","OR","ʔ","","",""
"","R","m","Ă","^",""
"","R","mI","ĂĂ","Ȍ`e",""
"","OQ","x","","Ȍ`e",""
"b","R","s","ǂ","^",""
"","R","","Ƃ","",""
"b","OV","Z","Ȃ","",""
"b","OR","M","˂","",""
"b","PP","y","͂","",""
"b","PS","㔼","͂","",""
"","OQ֘A","K","ӂ","Ȍ`e",""
"b","PR","","ӂ","^",""
"","OQ֘A","","ւ","Ȍ`e",""
"","OT","L","ق","",""
"b","OS","","ނ","",""
"b","PT","`","","ڎij","T"
"","OV֘A","","肹","",""
"","PO","悭","悭","",""
"","OV","I","Ă","Ȍ`e",""
"","OT","","イ","^",""
"","OR","l","","^",""
"","Q","","ꂢ","",""
"","OU","","","",""
"","OT֘A","z","","",""
"b","OX","R[h","[","iJ^j",""
"b","PO","R[i[","[ȁ[","iJ^j",""
"b","Q","X","","",""
"b","PR","","","",""
"b","OU","S[","[","^iJ^j",""
"","R","S[fA[","[ł񂠂[","iJ^j",""
"b","OU","S[fEC[N","[ł񂤂[","iJ^j",""
"b","OP","S[h","[","iJ^j",""
"b","OX","","","^",""
"","OQ֘A","^","","",""
"","bS","ڋq","Ⴍ","",""
"","OS","","","",""
"b","PV","Z","","",""
"b","PS","","","@",""
"","OP","Y","","",""
"","OV","","傤","",""
"b","OP","","","",""
"b","PU","","΂","",""
"b","PO","","݂","",""
"","Q","Fیx","݂񂩂ق񂹂","",""
"","OV֘A","","݂񂹂","",""
"b","Q","AiۘAj","i񂲂j","",""
"","OS֘A","Tj","[","",""
"b","PQ","ł","","",""
"","PP","X","","",""
"b","PR","S","","",""
"","OQ","S","낦","",""
"","OV","݂","݂","",""
"b","OQ","","","",""
"","PO֘A","","","",""
"","OW֘A","܏\ij","イij","",""
"","R","グ","","p",""
"","OQ","낷","낷","p",""
"","OP","l","","",""
"","OQ","z","","",""
"","PP֘A","","","",""
"","OS","RXg","","iJ^j",""
"","OT","","","",""
"","OT","I","Ă","Ȍ`e",""
"b","QO","K","","",""
"","bT","","","",""
"","OQ","","","",""
"b","OW","","","^",""
"","PP","Ⴒ","Ⴒ","",""
"","PP","֒","傤","^",""
"b","OS","c","","",""
"","OR","c","ǂ","",""
"b","OT","","","",""
"","PO","m","","Ȍ`e",""
"","OU","","","",""
"","OT֘A","","","^",""
"b","PQ","Ă","Ă","",""
"b","PU","قȂ","ƂȂ","",""
"b","OT","`Ƃ","Ƃ","ڎi@\j","POONƂ"
"","PO","t","Ƃ΂Â","",""
"b","PV","qۂ","ǂۂ","`eij",""
"b","PS","Ƃ킴","Ƃ킴","",""
"b","bS","f","Ƃ","",""
"b","OT","́i`Nj","","w","̂POON"
"b","PW","̕ł","̂Ԃł","ij",""
"","bP","D","̂","",""
"","bP","D","̂","",""
"","PO","b","΂Ȃ","",""
"","OT֘A","","","",""
"b","R","ʂ","ׂ","",""
"","P","ڂ","ڂ","",""
"","PO","`","","ڎij","iP܁AQ܁j"
"b","PX","܂","܂","",""
"b","QO","R~jP[V","݂ɂ[","^iJ^j",""
"","OP","߂","߂","",""
"","OS","","̂","",""
"b","OQ","w","","",""
"","PO","","","",""
"b","PT","","炢","",""
"","OR","R","","iJ^j",""
"","PQ","S","","iJ^j",""
"b","OX","","","",""
"b","PS","܂","܂","ij",""
"b","OV","","","w",""
"","OT֘A","]","낪","",""
"","OT","]","낪","",""
"b","PS","E","낷","",""
"","bQ","]","","",""
"b","OX","","񂩂","",""
"","OW","","񂫂","",""
"b","PS","RN[","񂭁[","iJ^j",""
"b","Q","I","񂹂","",""
"b","OV","R^NgY","񂽂Ƃ","iJ^j",""
"","OQ","","Ȃ","Ȍ`e",""
"","OQ","","ɂ","",""
"","bR","Rp","","iJ^j",""
"b","OU","Rrj","т","iJ^j",""
"","OS֘A","","","^",""
"","OV","","","",""
"b","PU","U[U[iƁj","[[","i[j",""
"","OQ","","","","`̍"
"","OV","ň","","",""
"","OS֘A","ЊQ","","",""
"","PP","","","",""
"b","Q","ō","","",""
"","OU","ŏII","イĂ","Ȍ`e",""
"","PP","Ώo","","",""
"","PP","ݐE","傭","^",""
"","OQ","ۂ","","","`ɍۂ"
"","PQ","","","",""
"","Q","ݑ","","",""
"","OX","ő","񂰂","",""
"","OP","`Œ","イ","ڎi@\j",""
"","OT","Œ","Ă","",""
"","PP","Γ","ɂイ","",""
"","OR֘A","͔|","΂","^",""
"","OR","Ĕs","͂","^",""
"b","PS","זE","ڂ","",""
"","bS","ŗD","䂤","",""
"","OS","ėp","悤","^",""
"","OV","","","",""
"b","OR","","","",""
"b","S","t","","","t܂ɂ"
"b","R","","","Ȍ`e",""
"","P","`","","ڎiڔj","o"
"b","Q","","","","̂"
"","Q","","ق","",""
"b","P","","傤","^",""
"","Q","팸","","^",""
"b","PR","쎌","","",""
"b","PT","N","˂","",""
"b","PS","","΂","@",""
"b","PV","i","Ђ","",""
"b","OW","`","","ڎij",""
"b","Q","앨","","",""
"b","PO","","","",""
"","Q","x","","",""
"","PO","₭","₭","",""
"","OT֘A","h","","",""
"","PO֘A","~","","",""
"b","P","w","","",""
"","OT֘A","h","","",""
"","OX","","","",""
"b","PX","","","",""
"b","OR","","","",""
"b","PV","o","","^",""
"","PP","}","イ","",""
"b","PR","ȉ","傭","",""
"b","OR","","","",""
"b","P","","","",""
"","OP","ς","ς","",""
"","OU","","","ڑ",""
"","bU","","ׂ","^",""
"","PO","ق","ق","",""
"b","PV","ڂ","ڂ","",""
"","PQ","l","","",""
"b","OV","lX","܂","Ȍ`e",""
"b","PW","C","ނ","","C"
"b","PO","E","䂤","","lE"
"b","PQ","炴","炴","i[ԁj",""
"b","OR","","","",""
"","OV","ɂ","ɂ","ڑ",""
"","OW֘A","","","",""
"","OP","","킮","",""
"","PP","G","","",""
"b","OT","Opi`j","񂩂ij","",""
"","OP","Op֌W","񂩂񂯂","",""
"","OX","Qc@","񂬂","",""
"b","OS","YƁ^`Y","񂬂傤","",""
"","OS֘A","Rj","񂯁[","",""
"b","bQ","Ql","񂱂","","Qlɂ^Ȃ"
"","OS֘A","R","񂱂","",""
"","OV","Ql܂ł","񂱂܂ł","p",""
"b","PX","Z","񂷂","",""
"","OX","_f","","",""
"","PP","T^N[X","񂽂[","iŗLjiJ^j",""
"","OX","Rn","","",""
"","OT","`","","ڎij","Q̕"
"","OR֘A","dオ","","",""
"","OR֘A","dグ","","",""
"","OP","bf","[[","",""
"","OX","","","",""
"","OT","V[","[","iJ^j",""
"b","PQ","h","炢","`e",""
"","OT","d","","^",""
"b","OW","","","",""
"","OS","i","","",""
"b","PX","w","","",""
"b","OT","lpi`j","ij","",""
"b","OP","lp","","`e",""
"","PP","oIiɁj","Ă","",""
"","OV","","","ڑ",""
"","OU","ԂԂ","Ԃ","p",""
"b","PU","","","",""
"b","OR","","イ","",""
"","OX","v","イ傭","",""
"b","PS","","","i[ԁj",""
"","OQ","dg","","",""
"b","OX","h","","^",""
"b","PU","","","",""
"","PQ","vl","","^",""
"","OR","","","",""
"","PP","Q","","^",""
"","OU","w","","^",""
"b","OX","","","",""
"","OU","s","傤","",""
"","bP","","傤","",""
"","PP","","傤","",""
"b","bP","M","","",""
"b","OS","g","","",""
"","OQ","","","",""
"","PP","p","","",""
"b","R","{","","",""
"","OR","O","","",""
"","OP","RɁ^","Ɂ^","",""
"","OU֘A","","","",""
"","PQ","q","","",""
"","OW","`","","ڎi@\j","킩莟`"
"","OS","","","",""
"b","bQ","","","",""
"","PQ","","","",""
"b","PO","]","","",""
"b","QO","","","^",""
"","OX","","","ڑ",""
"","OQ","e","","",""
"","OQ","e","","",""
"","PP֘A","","܂","",""
"","R","","傤","^",""
"","OQ֘A","","傤","",""
"b","PW","","傤","",""
"b","OP","","","",""
"","OX","i","","^",""
"b","P","","","","\"
"b","R","","","i[ԁj",""
"b","Q","","","^",""
"","OU","","傤","^",""
"","PO","","傤","^",""
"","OU","Ɨ","傤","",""
"","PO","","","",""
"b","R","","","",""
"b","R","","","",""
"b","PR","","","^",""
"","OV֘A","","","`e",""
"b","P","ہiɁj","iɁj","",""
"b","P","ۂ","","",""
"","OS","{","","^",""
"","OW","","","",""
"","OW","","","^","i"
"b","PU","x","","",""
"b","PV","","Ȃ","",""
"b","OV","","","",""
"","OW","M","҂","^",""
"","OT֘A","z","","",""
"b","OR","","傭","",""
"","OR","","","^",""
"","bR","wE","Ă","^",""
"","OP","_","Ă","",""
"","OQ","_","Ă","",""
"","bP","w","ǂ","^",""
"b","OU","","ǂ","","^]"
"b","PX","","ǂ","",""
"b","OU","I","ǂĂ","",""
"b","PU","Ƃ","Ƃ","i[ԁj",""
"","bP","ŋ","΂","^",""
"","OR","x","͂炢","",""
"","OR","x","͂炤","",""
"b","PW","΂炭","΂炭","ij",""
"","PQ","","΂","",""
"","Q","wW","Ђ傤","",""
"","PP","Vtg","ӂ","^","ω"
"b","PP","S","ڂ","^",""
"b","bQ","u]","ڂ","^",""
"","OR","b","ڂ","",""
"","Q","S","ڂ","",""
"","P","i","ڂ","",""
"","PQ","܂","܂","","ЂÂ"
"b","OR","","܂","^",""
"","OV֘A","n","","Ȍ`e",""
"","OQ","V~[V","݂[","iJ^j",""
"b","P","s","݂","",""
"b","OT","","߂","",""
"b","OT","ߐ؂","߂","",""
"b","PU","߂","߂","i[ԁj",""
"","OP","","߂","",""
"b","PV","ۂ","߂ۂ","`eij",""
"b","PU","","߂","",""
"","Q","߂","߂","",""
"","OT","n","߂","",""
"b","PR","n","","",""
"b","OS","Ј","Ⴂ","",""
"b","PX","Љl","Ⴉ","",""
"","Q","Љی","Ⴉق","",""
"","OT֘A","Ⴊ","Ⴊ","",""
"b","OU","Ԍ","Ⴑ","",""
"b","QO","Ԑ","Ⴙ","",""
"","OS","؋","","",""
"b","OS","ԓ","Ȃ","",""
"b","PQ","ׂ","ׂ","",""
"b","OX","ז","܂","",""
"","OT֘A","Ζ","߂","",""
"b","OQ","񂯂","񂯂","",""
"b","OQ","u񂯂Aۂv","񂯂ۂ","\",""
"","OT֘A","Wv","","^iJ^j",""
"","OS","W","","iJ^j",""
"","PQ","","","",""
"b","PR","`","イ","ڎij","PAQ"
"b","OU","`","イ","ڎi@\j","ԁiӒj"
"","R","e","イ","",""
"b","PS","T","イ","",""
"","OX","Oc@","イ","",""
"b","OX","@","イ傤","",""
"b","OS","]ƈ","イ傤","",""
"b","bU","W","イ","^",""
"","OU","d","イ","^",""
"b","PX","Cmے","イĂ","",""
"","OS","W","イイ","^",""
"b","PP","AE","イ傭","^",""
"","OU","C","イ傭","^",""
"","bS","Z^","イ낭","",""
"","OR","Igٗp","イ񂱂悤","",""
"b","OX","a","イ","^",""
"b","PP","d","イ","Ȍ`e",""
"","OU","d含","イ","",""
"","PO","W","イイ","^",""
"b","PU","WI","イイĂ","",""
"","PQ","K","イƂ","^",""
"b","OU","`","イ","ڎi@\j","ԁiɁj"
"","bQ","Zl","イɂ","",""
"","OW","[","イ̂","^",""
"","OP","\","イԂ","",""
"","OS","","イւ","",""
"","OP","Z","イ݂","",""
"","PP","Z","イ݂񂺂","",""
"","OW","e","イ悤","^",""
"b","P","dv","イ悤","Ȍ`e",""
"","OR","dv","イ悤","",""
"","OQ","C","イ","^",""
"","R","B","イ","",""
"","OS","C","イ傤","^",""
"b","PW","剉","ウ","^",""
"b","OR","Ɨ","ガ傤傤","",""
"","OT","j","キ","",""
"","OU","k","キ傤","^",""
"","bU","j","キӂ","^",""
"","OW","Y","ク","",""
"","bQ","","ク","^",""
"","OP","","コ","^",""
"","OR","","ゴ","^",""
"b","PU","","サ傤","",""
"","Q","f","サ","^",""
"b","PO","l","ザ񂱂","",""
"","PP","","ズ","",""
"","OR","iI΂Ȃ","ゾ΂Ȃ","p",""
"","OP","咣","タ傤","^",""
"b","PU","o","","^",""
"","OS","o","","^",""
"b","PP","oY","","^",""
"b","OU","o","","^",""
"b","PX","o","傤","^",""
"b","bP","og","","",""
"","bS","ogZ","񂱂","",""
"b","PP","o","","^",""
"","OR","oX","Ă","^",""
"","OQ","oŎ","ς񂵂","",""
"","OW","]","̂","",""
"b","OT","","݂傤","",""
"","PP","v","悤","Ȍ`e",""
"","PQ","v","悤","",""
"","PQ","","傤","",""
"","OW","u","񂩂","",""
"","OX֘A","","񂯂傤","",""
"","OX֘A","X","񂶂񂯂傤","",""
"","PQ","","񂿂傤","Ȍ`e",""
"","OQ","","΂","",""
"","OX֘A","D","䂤傤","",""
"b","PQ","`","傤","ڎij","PAQ"
"","bS","","傤","",""
"b","OP","`","傤","ڎij",""
"b","PO","","傤","",""
"","R","Ɖ","傤","^",""
"","R","Q","傤","",""
"","PP","U","傤","",""
"b","PX","w`N","傤`˂񂹂","",""
"","OS","w","傤","",""
"b","PX","w","傤","",""
"b","PO","傤Ȃ","傤Ȃ","`eij",""
"b","OQ","","傤","",""
"","R","K","傤","",""
"","OS","ċp","傤Ⴍ","^",""
"b","OR","㋉","傤イ","",""
"b","PT","㋞","傤傤","^",""
"","OQ","","傤傤","",""
"b","PO","ɓI","傤傭Ă","Ȍ`e",""
"b","PQ","","傤","",""
"","PO","؋","傤","",""
"","OV","ڍ","傤","^Ȍ`e",""
"b","PP","i","傤","",""
"","Q","q","傤","",""
"","OU","","傤","Ȍ`e",""
"","OU","펯","傤","",""
"b","OS","","傤","",""
"b","R","","傤","^",""
"","OW","㏸","傤傤","^",""
"","OS֘A","","傤","i`^j",""
"b","PP","i","傤","^",""
"","PP","h","傤","",""
"b","OT","","傤","",""
"","PO֘A","Ҍ","傤","",""
"b","bP","ҏ","傤傤","",""
"","OT","B","傤","^",""
"","OT","k","傤","^",""
"","P","k","傤","",""
"","PO","m","傤","",""
"","OR","Ȓ","傤傤","",""
"b","OU","Փ","傤Ƃ","^",""
"b","PV","N","傤˂","",""
"b","PU","","傤΂","",""
"","OQ","㔼g","傤͂񂵂","",""
"","OS","","傤","^",""
"","OR","","傤Ђ","",""
"b","OT","","傤Ђ","",""
"b","OS","i","傤Ђ","",""
"b","OV","ܕi","傤Ђ","",""
"","PO֘A","i","傤Ђ񂯂","",""
"b","OQ","","傤","^",""
"b","P","","傤ق","",""
"","OR","Zp","傤ق","",""
"b","PU","ܖ","傤݂","",""
"","OR","ؖ","傤߂","",""
"","OW","","傤߂","",""
"","OQ","ȗ","傤Ⴍ","^",""
"b","PR","㗬","傤イ","",""
"b","OR","gp","悤傤","",""
"","PO","W[N","[","iJ^j",""
"b","PQ","V[ynEA[","[؂͂[","iŗLjiJ^j",""
"b","OQ","","傫イ","",""
"b","OS","E","傭","",""
"b","PR","E","傭傤","",""
"","OR","H","傭","",""
"","OR","H","傭","",""
"b","PU","H","傭イǂ","",""
"b","OR","H","傭","",""
"","OP","Hi","傭Ђ","",""
"b","bW","","傰","^",""
"","PO","","傱","",""
"","OP","","傱","",""
"","OV","","傴","",""
"","PP֘A","X","傶","",""
"","Q","f","債傤","",""
"","bU","","傼","",""
"","PO","u","傿","^",""
"","P","イ","イ","",""
"b","PQ","ς","ς","`e",""
"","PP","","Ƃ","",""
"","P","","ɂ","",""
"","OU","Nx","˂","",""
"b","PR","D","䂤","",""
"","OS","","","^",""
"b","OQ","","","","K"
"b","PX","m荇","肠","",""
"b","OW","V[Y","[","iJ^j",""
"","OP","","","^",""
"","PQ","","邵","",""
"b","OP","Vo[","΁[","iJ^j",""
"b","OS","Vo[Y","΁[񂬂傤","iJ^j",""
"b","PT","","남","",""
"b","bW","낶","낶","i[ԁj",""
"b","PV","ۂ","ۂ","`eij",""
"","OT","","","",""
"","PQ","i","","^",""
"b","PS","iw","񂪂","^",""
"","OQ֘A","V^","񂪂","",""
"","OX","i","񂫂イ","^",""
"b","OV","VL^","񂫂낭","",""
"","OP","VO","񂮂","iJ^j",""
"","OU","_o","񂯂","Ȍ`e",""
"b","PO","^","񂯂","Ȍ`e",""
"b","Q","[","񂱂","Ȍ`e",""
"","PP","\","񂱂","^",""
"b","Q","[","񂱂","",""
"b","PW","V","񂳂","",""
"","Q","f@","񂳂","^","f@"
"","OX","am","񂵂ӂ","",""
"b","QO","V","񂵂","",""
"","OP","io","񂵂","^",""
"","PQ","VliQj","񂶂","","lނ̗j"
"","OR","VliPj","񂶂","","tbV}"
"b","OV","\","񂹂","^",""
"b","OX","l","񂹂","",""
"b","PX","e","񂹂","",""
"b","PS","VN","񂹂","Ȍ`e",""
"b","PQ","S","񂼂","",""
"","OW","l","񂽂","",""
"","bS","ff","񂾂","^",""
"","OR","Td","񂿂傤","Ȍ`e",""
"","OR","g","񂿂傤","",""
"","OX","kx","","",""
"","OS","^","","",""
"b","OR","V","ɂイ","",""
"","OP","R","ς","",""
"","OV","Vw","","",""
"b","OT","i","","^",""
"","bS","er","ڂ","",""
"","PQ","[","","",""
"b","PP","eF","䂤","",""
"","OQ","Mp","悤","^",""
"b","PU","M","炢","^",""
"","PP","^","","",""
"b","PX","Sw","肪","",""
"","PQ","X","","",""
"","OU","l","邢","",""
"","OV","VY","낤","",""
"","Q","","","^",""
"b","S","zk","","",""
"","bS","E","","^",""
"","bS","E","񂶂傤","",""
"","R","","Ă","^",""
"b","PS","w","","",""
"b","OU","","","",""
"b","PO","","","`e",""
"","OR","l","","",""
"b","PV","l","ɂ","",""
"b","PV","p","","",""
"","PQ","p","","p",""
"","OV","D","","",""
"b","PO","`","","ڎi@\j","H׉߂"
"","OP","","","",""
"b","PO","`D","","ڎiڔj","肢D"
"","R","i`ɁjȂ","Ȃ","ij",""
"","OV","D","","",""
"b","OR","i߂j","","","߂"
"","PO","~","","",""
"","PO","~","","",""
"","OX","ȂƂ","ȂƂ","",""
"","OX","XP[","[","iJ^j",""
"b","OR","","","",""
"","OX","ł","ł","ij",""
"b","OR","","","",""
"b","Q","߂","","",""
"b","OU","i","","",""
"b","OQ","","","",""
"b","OU","i߂","߂","","i߂"
"","bP","߂","߂","",""
"","OQ","X^bt","","iJ^j",""
"","PO֘A","X^vJ[h","Ղ[","iJ^j",""
"b","OS","","","",""
"b","PQ","_ς","ς","`e",""
"b","PW","ł","ł","",""
"","OX","Xg[J[","Ɓ[[","iJ^j",""
"b","OX","Xg[u","Ɓ[","iJ^j",""
"b","OQ","Xg[[","Ɓ[[","iJ^j",""
"b","PT","XgCL","Ƃ炢","iJ^j",""
"","PO","f","Ȃ","Ȍ`e",""
"","OU","Ȃ킿","Ȃ킿","ڑ",""
"b","PW","XpQeB","ςĂ","iJ^j",""
"","PO","f","΂₭","",""
"b","OU","Xs[h","ҁ[","iJ^j",""
"b","QO","Xs[hᔽ","ҁ[ǂ͂","iJ^j",""
"","OW","Xy[X","؁[","iJ^j",""
"b","PP","ׂ","ׂ","",""
"","OT","","ׂ肾","",""
"b","bQ","","ׂ","","XL["
"b","OU","ς܂","܂","",""
"","OR","","","",""
"b","OU","ς","","@",""
"b","QO","X[Y","ށ[","Ȍ`e",""
"","PO","Z߂Γs","߂΂݂₱","piƂ킴j",""
"","bP","炷","炷","",""
"","OT֘A","菝","肫","",""
"b","OU","Xbv","","^iJ^j",""
"","OT֘A","ނ","ނ","",""
"","OV֘A","邢","邢","`e",""
"b","QO","Ⴄ","ꂿ","",""
"","OR","X[K","[","iJ^j",""
"","PO֘A","Sn","킢","",""
"","OV֘A","`","","ڎiڔj","oϐ"
"","PO","","","",""
"","OX","","","",""
"","OV","","","^",""
"b","P","m","","Ȍ`e",""
"b","OP","i","","",""
"b","OR","","","",""
"b","OT","I","","",""
"","OQ","`","","",""
"","PO","","イ","",""
"","OU","ŋ","","",""
"","OQ֘A","","","Ȍ`e",""
"","OX","","","^",""
"","OP","","","",""
"b","PS","Y","","^",""
"","OR֘A","","","",""
"b","PU","","","",""
"","PO","Ј","Ⴂ","",""
"b","QO","","","^",""
"","OR","","傤","Ȍ`e",""
"","OQ","N","傤˂","",""
"","OT","_","","",""
"b","PP","l","","^",""
"b","PP","l","񂵂","",""
"b","OX","_I","Ă","Ȍ`e",""
"","PO","","","",""
"","bS","яؖ","傤߂","",""
"b","OS","iЁj","ij","",""
"","OS","","","Ȍ`e",""
"b","PP","","傤","^",""
"","OP","I","Ă","Ȍ`e",""
"b","PX","k","","",""
"b","PP","N","˂񂪂","",""
"","PQ","\","̂","",""
"","OS","","","^",""
"b","OT","{","","",""
"b","PP","","Ԃ","",""
"b","PQ","","Ԃ","",""
"","OS","","ׂ","",""
"","OU","","߂","",""
"b","OQ","m","悤","",""
"","PP","ŗ","","",""
"","P","I","Ă","Ȍ`e",""
"","OW","Z[t","[","iJ^j",""
"b","PO","Z[X","[邷","iJ^j",""
"b","PR","Z[X}","[邷܂","iJ^j",""
"b","OV","E","","",""
"b","Q","ΒY","","",""
"","OP","ӔC","ɂ","",""
"","OP","ZNn","͂","^iJ^j",""
"b","OW","","","",""
"","PQ","Ί","","",""
"b","PO","ϋɓI","傭Ă","Ȍ`e",""
"","OV֘A","݌v","","^",""
"","OX","Ԍ","イ","",""
"","OX","ێ","","^",""
"","P","ڂ","","",""
"b","QO","Zbg","","^iJ^j","ڊo܂vZbg"
"","bP","","Ƃ","^",""
"","PO","Ȃ","Ȃ","`e",""
"","PO","Ȃ","Ȃ","",""
"","PQ","","߂","^",""
"b","OV","ߖ","₭","^",""
"","OR","ݗ","","^",""
"b","OQ","w","Ȃ","",""
"b","PQ","ZlJ","˂","iŗLjiJ^j",""
"","OX","","܂","",""
"","OW","߂","߂","",""
"","OQ","U߂","߂","",""
"","PO","ӂ߂","߂","",""
"b","PQ","","","",""
"b","QO","S","񂢂","",""
"b","OW","O","񂩂","",""
"","bR","O","","",""
"b","PQ","I","񂫂","",""
"b","OU","ZT[","񂳁[","iJ^j",""
"b","OS","I","񂵂","",""
"","OT֘A","Sg","񂵂","",""
"","OQ","i","񂵂񂱂","",""
"b","PP","I","񂽂","^",""
"","OU","I","񂽂","",""
"b","PO","`","ł","^",""
"","OW","擪","Ƃ","",""
"","PO","","ɂイ","",""
"b","PP","y","ς","",""
"b","PS","O","͂","@",""
"","bS","","ۂ","",""
"","OQ","S","߂","",""
"b","OT","","","",""
"b","PS","p","悤","",""
"b","R","p","悤","",""
"","OW","S","傭","",""
"","PP","`w","","ڎiڔj","Ꮚґw"
"","P","","","",""
"","OV","Y","","",""
"","OX֘A","","肹","",""
"","OS֘A","","","",""
"b","PR","","","^",""
"","Q","z","","",""
"","R","֊֌W","񂩂񂯂","",""
"","Q","","","",""
"","PP","}","イ^イ","",""
"","PQ","","","",""
"b","PT","I","Ă","Ȍ`e",""
"","PQ","","","^",""
"b","PW","","","",""
"","P","n","","",""
"","OW","i","傭Ђ","",""
"b","PT","z","","^",""
"","OT","n","","^",""
"","OP","n","傭","",""
"","PP֘A","","","^",""
"","PP֘A","","","",""
"","PP","ΓI","Ă","Ȍ`e",""
"","PP","kɏ","ɂ̂","p",""
"b","PT","","傤","",""
"b","OR","","Ƃ","",""
"","P","","ǂ","",""
"","OT֘A","","Ȃ","^",""
"","OV","b","肾","",""
"b","OR","","傤","",""
"","OV","Y","","",""
"","OQ","","Ă","^",""
"","PQ","","߂","",""
"","OQ","","","ڑ",""
"","OR","f","","",""
"","OS֘A","gD","","",""
"","OX","f","","",""
"","OU","c","","",""
"","OV֘A","","","`e",""
"","OS","eS~","","",""
"b","PP","","","",""
"b","OQ","","","Ȍ`e",""
"","OS","","","",""
"","PP","ΗJȂ","Ȃ΂ꂢȂ","piƂ킴j",""
"","PP","","Ȃ","",""
"b","P","̕","̂ւ","","ϓ_"
"","PO","`̂","̂","ij",""
"b","OP","","","",""
"b","PX","fp","ڂ","Ȍ`e",""
"","P","e","܂","Ȍ`e",""
"","PO","߂","߂","",""
"b","PU","悻","悻","i[ԁj",""
"b","OQ","ꂼ","ꂼ","",""
"b","OV","ł","ł","ڑ","b]"
"b","OR","ł","ł","ڑ","ł́AȂ`"
"","OU","ł","ł","ڑ",""
"","OR","Ƃ","Ƃ","ڑ",""
"b","OS","Ȃ̂","Ȃ̂","ڑ",""
"","PO","͂Ă","͂Ă","p",""
"","OR","͂ƂƂ","͂ƂƂ","ij",""
"","OU","","","",""
"b","QO","낤","낤","",""
"b","QO","낦","낦","",""
"","OT","","","",""
"","OS","","񂴂","^",""
"","bU","d","񂿂傤","^",""
"b","PS","`΁`","","ڎiڔj","R΂S"
"b","PS","`","","ڎij","QO"
"b","OR","`","","ڎiڔj","dCEKXEEdb"
"b","bQ","恛u]","`ڂ","","u]"
"","OS","_CILV","","iJ^j",""
"b","PX","ފw","","^",""
"b","PX","w@","񂹂","",""
"b","PX","w","","",""
"b","Q","Cij","イ","",""
"","R","K","","Ȍ`e",""
"b","PV","ދ","","Ȍ`e",""
"","OQ֘A","̌^","","",""
"b","PV","̌","","^",""
"b","QO","Ό","","",""
"","OX֘A","卷","","",""
"","OS","΍","","",""
"b","PX","厖","","Ȍ`e",""
"b","PR","","","ij",""
"b","PV","","","ij",""
"","OR","̎","","",""
"b","PS","i`Ɂj΂","","ij",""
"","PO","債","","",""
"b","OU","ގ","","^",""
"b","OR","̏d","イ","",""
"","OW","̏dv","イ","",""
"","OR","OI","イĂ","Ȍ`e",""
"","bQ","Ώ","","^",""
"b","PS","Ώ","傤","",""
"","OX֘A","ޏ","傤","^",""
"","OR","ΏƓI","傤Ă","Ȍ`e",""
"b","PP","ސE","傭","^",""
"b","PS","΂","","","`ɑ΂"
"b","OR","听","","",""
"b","PV","吼m","悤","iŗLj",""
"","OU֘A","̐","","",""
"","OX֘A","ΐ","","^",""
"","OW","̑","","^",""
"b","bQ","^Cg","Ƃ","iJ^j",""
"","OW","̔","΂","",""
"","Q","唼","͂","",""
"b","PQ","\I","Ђ傤Ă","Ȍ`e",""
"b","P","^Cv","","iJ^j",""
"b","OR","","","",""
"b","Q","啔","ԂԂ","",""
"b","PS","m","ւ悤","iŗLj",""
"","PP","ߕ","","^",""
"b","OT","^CJvZ","ނՂ","iJ^j",""
"b","PR","薼","߂","",""
"b","P","^C","","iJ^j",""
"","OQ","","","Ȍ`e",""
"","OU","嗤","肭","",""
"","OP","Η","","^",""
"","OR","ʁiɁj","傤iɁj","",""
"","OX","₦","","",""
"","P","","","",""
"","PO","ς","","",""
"b","OQ","|","","",""
"b","OS","","","ڑ",""
"b","QO","݂","","",""
"b","OX","܂","܂","",""
"b","OX","߂","߂","@",""
"b","OX","","","ڑ",""
"b","OW","󂭂","炭","",""
"","PP","","","",""
"b","PR","","","",""
"b","QO","","","ij",""
"b","PW","","","",""
"b","OS","m","","",""
"","bQ","","傤","",""
"b","OV","","","",""
"b","OU","`o","","i@\j","Jn"
"","OQ","","","^",""
"b","QO","","","ij",""
"b","OS","","","",""
"b","OP","q˂","˂","",""
"","OQ","K˂","˂","",""
"","OT","","","ڑ","AEEE"
"b","PO","","","","`"
"","OS","","","",""
"","OW","","","^",""
"","OX֘A","키","","",""
"","PP","","","",""
"b","OW","","","",""
"","OT","","","ڑ",""
"","OW","","","",""
"b","OU","`","","ڎiڔj","`lA"
"","OP","","","",""
"","OS","܂","܂","",""
"","OQ","","","ij",""
"b","OT","","","","Ԃ"
"b","OX","","","",""
"","OU","B","","",""
"b","OX","B","","^",""
"","PQ","","","",""
"b","OX","","","ڑ",""
"","P","Ղ","Ղ","",""
"b","OT","c","","",""
"b","OR","`","","ڎiڔj","RK"
"","PP֘A","c","Ă","",""
"b","OX","Ă","Ă","","ڕW"
"b","PS","Ƃ","Ƃ","","Ƃ`Ă"
"b","PQ","Ƃ","Ƃ","",""
"b","OS","Ⴆ","Ƃ","ڑ",""
"b","PQ","Ƃ","Ƃ","",""
"","PQ","^l","","",""
"","OR֘A","","","",""
"b","R","","̂","`e",""
"b","PQ","","","",""
"","OR","vgn","Ԃ[[","iŗLj",""
"","bS","ԃ","Ԃ","",""
"","Q","_up`","Ԃς","iJ^j",""
"","OP","Hו","ׂق","",""
"b","PR","Hו","ׂ̂","",""
"b","PV","܂","܂","",""
"","OV","܂","܂","",""
"","OP","܂Ȃ","܂Ȃ","`e",""
"b","PU","܂","܂","",""
"","OQ","ق","܂","",""
"","bP","߂炤","߂炤","",""
"","OR","l","悤","Ȍ`e",""
"","OR","l","悤","",""
"b","R","ɂȂ","ɂȂ","ij",""
"","OR","","","",""
"","OT","`炯","炯","ڎi@\j",""
"","OV֘A","炵Ȃ","炵Ȃ","`e",""
"","OQ","邢","邢","`e",""
"","OW","^g","","iJ^j",""
"b","OQ","^[","[","iJ^j",""
"b","PT","`i","","ڎij","_"
"","OU","P","","","̒P"
"","PP","iKI","񂩂Ă","",""
"","OP","Z","񂫂","",""
"b","OS","P","","",""
"b","PR","P","񂶂","Ȍ`e",""
"b","OV","a","񂶂傤","^",""
"","OX","Y","񂷂Ԃ","",""
"b","PS","ćiʐ^j","񂽂Ⴕ","",""
"b","OU","P","񂿂傤","Ȍ`e",""
"","OQ","S","Ƃ","^",""
"b","Q","g~","Ƃ","",""
"","OU","PȂ^P","Ȃ","A̎^",""
"","OX","ς","ς","",""
"","OT","i{[","ځ[","iJ^j",""
"b","PR","jD","䂤","",""
"b","P","i","炭","",""
"","OR","c","","",""
"","OW","n","","",""
"b","PS","u`[Yv","[","\","ʐ^̂Ƃ"
"b","Q","mb","","",""
"","OR","`F[X","[Ă","iJ^j",""
"b","OQ","`FX","","iJ^j",""
"","OW","","","",""
"b","OS","Ⴂ","","",""
"b","OU","߂ij","傤炢","`e",""
"","OW","","","",""
"b","PW","`߂","","ڎiڔj","炢"
"","OV","߂","","",""
"b","OT","߂Â","Â","",""
"","PO","ߊ","","ij",""
"b","Q","n","イ","",""
"","OT֘A","","","",""
"b","PT","Ȃ݂","Ȃ݂","ڑ",""
"b","PU","n","ق","",""
"","Q","s","ق","",""
"b","OT","`C","Ⴂ","iJ^j",""
"b","PV","Fۂ","Ⴂۂ","`eij",""
"","OR","","Ⴍ","",""
"b","S","","","",""
"b","PS","@","イ","@",""
"b","OP","؁ij","イi傤j","",""
"","OQ֘A","^","イ","",""
"b","OQ","","イイ","",""
"","PO","p","イ","^",""
"","bT","","イ","^",""
"b","QO","Î","イ","",""
"b","PU","{","イ","",""
"b","PQ","ۓI","イ傤Ă","Ȍ`e",""
"","OR","r[","イƂ͂","Ȍ`e",""
"b","OU","`","イ","ڎi@\j","T"
"","OW֘A","iTj","イɂiĂj","",""
"","OT","N","イ˂","",""
"b","Q","","イ","^",""
"b","PW","","イ","^",""
"","OS","","イ","",""
"","bQ","֏","イ񂶂傤","",""
"","OU֘A","ij","傤","",""
"","OP","","傤","",""
"","OP","I","傤Ă","Ȍ`e",""
"b","PR","","傤","^",""
"b","OU","","傤","",""
"","Q","ij","傤ij","",""
"b","PT","","傤傤","",""
"","PP","","傤","^",""
"","bQ","","傤","^",""
"b","OV","","傤","^",""
"","OV","\","傤̂傭","",""
"","PQ֘A","","傤邢","",""
"","OW","","傭","",""
"","PP","ڐ","傭","",""
"","OX","O","傭","",""
"","PQ","I","傭Ă","Ȍ`e",""
"","PQ","","傭","^",""
"","PP","Ԕ䗦","Ђ","",""
"b","OT","a","","",""
"b","OU","Ƃ","Ƃ","`eij",""
"","PQ","","߂","Ȍ`e",""
"","PQ","l","߂","",""
"","OQ","U炩","炩","",""
"b","PX","n","","",""
"","Q","","傤","^",""
"","OP","U","","",""
"b","OS","`pW[","ς񂶁[","iJ^j",""
"b","OU","","","",""
"","OP","̊","̂","ij",""
"","OR","ǎ","","",""
"","R","ǐ","","^",""
"","PP֘A","i`Ɂj","","ij","`Ɏła"
"b","bQ","ł","łɁ@","",""
"b","PW","","","",""
"","R","₷","₷","",""
"","Q","ʉ@","","^",""
"b","OS","ʋ","","^",""
"","OW","ʏ","傤","",""
"b","PS","ʂ","","i`^j",""
"","OP","ʐM","","^",""
"","PO","ʒm","","",""
"","OW","ʒ","傤","",""
"b","OR","ʖ","₭","^",""
"","OS","ʘb","","^",""
"b","P","߂܂","܂","",""
"","OT֘A","","","",""
"","OU","i`Ɂj","","ij","lɂ"
"b","PP","t","","ij",""
"","OT֘A","˂w","","^",""
"","OV","","","","^"
"","R","`s","","i@\j",""
"","OQ","","","",""
"","OR","グ","肠","ij",""
"","OT","t","킦","ij",""
"b","PW","","","",""
"b","QO","`","","ij",""
"","OP","`","","",""
"","OR","`","","ڎi@\j",""
"","PQ","`","","ڎi@\j","Ȃ"
"b","OU","`","Â","i@\j","p"
"","Q","w߂","Ƃ߂","",""
"b","OX","Ȃ","Ȃ","",""
"b","OX","Ȃ","Ȃ","",""
"b","OX","Ȃ","Ȃ","",""
"b","PU","Ôg","Ȃ","",""
"","PP","X","˂Â","",""
"","OW","`ςȂ","ςȂ","ڎi@\j",""
"","P","","","",""
"","OQ","Ԃ","Ԃ","",""
"","OV","Ԃ₭","Ԃ₭","",""
"","OQ","Ԃ","Ԃ","",""
"b","PV","`ۂ","ۂ","ڎi@\j","ۂ"
"b","OQ","ܐ","܂","",""
"","OT֘A","܂","܂","",""
"b","PQ","܂","܂","ڑ",""
"","OW","","","",""
"","OR֘A","ςݏグ","݂","ij",""
"","OU","ςݏd˂","݂˂","ij",""
"b","PO","ς","","",""
"b","OQ","","","",""
"","OT","lߍ","߂","ij",""
"","OT","l߂","߂","",""
"b","PS","","","","Ⴊ"
"b","PU","~J","","",""
"b","PU","~J","䂠","",""
"","QV","","","",""
"b","OX","܂","܂","",""
"b","PQ","","","",""
"b","OX","߂","߂","",""
"b","OR","炢","炢","`e",""
"","OV","`Â炢","Â炢","ڎi@\j",""
"","OV","݂苴","΂","",""
"","OT֘A","","","",""
"b","PQ","","","i[ԁj",""
"b","PP","o","ł","",""
"","PP","^","Ă^イƂ","",""
"b","bW","","Ă","^",""
"b","OQ","cj","ł[[","","PcjAQcj"
"","OS֘A","cod","ł[ҁ[[","",""
"","OV","ቺ","Ă","^",""
"","PP","z","Ă","",""
"","OW","`","Ă","^",""
"","OQ","","Ă傤","^",""
"","OR","o","Ă","^",""
"","PP","Ꮚ","ĂƂ","",""
"b","OW","fBYj[h","łɁ[","iŗLjiJ^j",""
"","bS","","Ă","^",""
"","OS","eBbV","Ă","iJ^j",""
"b","OR","x","Ă","",""
"","OS","N","Ă˂ꂢ","^",""
"","PP֘A","","Ă߂","^",""
"","OQ","f[^","Ł[","iJ^j",""
"b","OU","e[}","ā[","iJ^j",""
"b","PT","e[}p[N","ā[܂ρ[","iJ^j",""
"","bS","肪","Ă","p",""
"","PO","ł","ł","`e",""
"b","OU","肪Lт","Ă̂т","p",""
"","OR","y","Ă","Ȍ`e",""
"b","OV","oオ","ł","",""
"","OX","K","Ă","^",""
"b","OT","o","ł","",""
"b","PR","K","Ă","",""
"","PO","K","Ă","Ȍ`e",""
"","OQ","Kx","Ă","Ȍ`e",""
"b","PX","K","ĂƂ","",""
"","PO","Ăς","Ăς","i[ԁj",""
"","PO","eNjbN","Ăɂ","iJ^j",""
"b","OQ","","Ă","",""
"","OV","育","Ă","Ȍ`e",""
"b","PP","fU[g","ł[","iJ^j",""
"b","PR","fUCi[","łȁ[","iJ^j",""
"","PQ","","Ă","",""
"","OX","i","Ă","",""
"b","OR","萔","Ă傤","",""
"b","OS","łǂ","łǂ","ڑ",""
"","OT֘A","肷","Ă","",""
"","OT","菕","Ă","^",""
"","OR֘A","ł","ł","Ȍ`e",""
"b","PQ","Nw","Ă","",""
"b","PX","NwI","ĂĂ","Ȍ`e",""
"","bQ","Ă","Ă","",""
"b","OS","S","Ăǂ","",""
"b","QO","O","Ă","^",""
"b","PW","ɓ","Ăɂ","p",""
"b","PW","ɓ","Ăɂ͂","p",""
"","bS","z","Ă͂","^",""
"","OQ","fr[","łт[","^iJ^j",""
"","OQ","","Ă","",""
"b","PW","oO","ł܂","^",""
"","OP","oY͑ł","ł邭͂","piƂ킴j",""
"","bS","蕪","Ă킯","^",""
"","bR","","Ă","p",""
"","OQ","","ĂЂ","p",""
"","OR","Ă","Ă₭","p",""
"b","OS","_","Ă","","ϓ_"
"b","OS","X","Ă񂢂","",""
"","bU","WJ","Ă񂩂","^",""
"","OR֘A","Y","Ă񂩂Ԃ","",""
"b","PV","d","ł񂫂イ","",""
"","OW","d","ł񂰂","",""
"","OS","V","Ă񂱂","",""
"b","bU","`","ł񂲂","^",""
"","PO","V","Ă񂳂","",""
"b","PV","W","Ă","^",""
"","OW֘A","dq","ł񂵂","",""
"b","OR","W","Ă񂶂傤","",""
"b","PP","]E","Ă񂵂傭","^",""
"b","PP","V_l","Ă񂶂񂳂","iŗLj",""
"b","OR","_","Ă񂷂","",""
"","PQ","`B","ł񂽂","^",""
"b","QO","d","ł񂿂イ","",""
"","OS","X","ĂƂ","",""
"","bQ","d","łƂ","",""
"","OR","`I","łƂĂ","Ȍ`e",""
"","OR֘A","VR","Ă˂","",""
"b","QO","_","Ă߂","^",""
"b","OS","d́iЁj","ł傭","",""
"b","Q","`x","","ڎiڔj","xiQOxj"
"","bS","₢킹","Ƃ킹","",""
"","OP","₢|","Ƃ","ij",""
"b","OQ","`","Ƃ","ڎij",""
"","PP","`","Ƃ","ڎiړj",""
"","OS","₤","Ƃ","",""
"b","OX","ėp","Ƃ悤","",""
"","bR","","ǂ","^",""
"","OT","ǂ","ǂ","",""
"b","PU","Cinj","Ƃ","iŗLj",""
"","bU","","ǂ","",""
"","OR","","ǂ","",""
"","OP","","ǂ","^",""
"b","OW","^[","Ƃ傤[","iŗLjiJ^j",""
"","OU","h[","Ƃ傤ǁ[","iŗLjiJ^j",""
"","OU","v","Ƃ","",""
"","bR","D","ǂ","",""
"","OQ","","ǂ","^",""
"","OQ֘A","|Y","Ƃ","^",""
"b","OT","","Ƃ","",""
"b","QO","`m","ǂ","ڎiڔj","^]蓯m"
"","OW","ǂĂ","ǂĂ","",""
"b","OX","","ǂ","",""
"","PP","","Ƃ","",""
"","OQ","o","Ƃ傤","^",""
"","PO","","ǂ傤","^",""
"b","PO","ǂ悤Ȃ","ǂ悤Ȃ","`eij",""
"","OV","ǂ","ǂ","",""
"","OV֘A","","ǂ","",""
"","OQ","I","Ƃ","^",""
"b","PR","R","Ƃ","Ȍ`e",""
"","OP","i^j","ǂi^j","",""
"","OS","ƂƂ","ƂƂ","",""
"","OP","X","ǂǂ","",""
"","OX","","ǂƂ","",""
"","OQ","","ƂȂ","",""
"","OS","","ǂɂイ","^",""
"","OX","[","ƂЂ傤","^",""
"","OR֘A","","ƂԂ","",""
"b","PS","ǂ","ǂ","","ǂ`悤"
"b","OQ","m","Ƃ悤","",""
"b","QO","l","ǂ悤","",""
"b","PS","","ǂ傤","",""
"b","OR","H","ǂ","",""
"","OS","o^","Ƃ낭","^",""
"b","OV","","Ƃ","",""
"b","OP","ʂ","Ƃ","","ʂ"
"","OX֘A","g[ig","Ɓ[Ȃ߂","iJ^j",""
"","OX","h[sO","ǁ[҂","iJ^j",""
"b","OR","h[","ǁ[ނイ傤","iJ^j",""
"b","PW","`ǂ","ǂ","ڎi@\j",""
"","OW","h[","ǁ[","i[j",""
"b","bP","s","Ƃ","",""
"b","PV","ǂ","ǂ","",""
"b","PS","ǂǂ","ǂǂ","i[ԁj",""
"","PO","","Ƃ͂Ȃ","ij",""
"b","OT","hL^[","ǂ߂񂽂[","iJ^j",""
"","Q","","Ƃ","",""
"b","PS","","Ƃ","Ȍ`e",""
"","OR","Ǝ","ǂ","",""
"b","PV","","Ƃ","Ȍ`e",""
"b","OT","W","Ƃイ","^",""
"b","PP","Ǐ","ǂ","^",""
"b","P","","Ƃ傤","^",""
"","OS","","ƂĂ","^",""
"","OV","Ɠ","ǂƂ","Ȍ`e",""
"b","PQ","Ƃ","Ƃ","",""
"b","Q","n@","Ƃ","",""
"b","S","ǂ","ǂ","","SĂ̏ꏊ"
"b","OQ","Ƃ","Ƃ","","ӏ"
"b","OS","Ƃ낪","Ƃ낪","ڑ",""
"b","PT","oR","Ƃ","^",""
"b","PX","N","Ƃ","","N"
"b","PP","ss","Ƃ","",""
"","PQ","߂","Ƃ߂","ij",""
"b","R","Ƃ","Ƃ","",""
"","OS","y","ǂ傤","",""
"b","OR","N","Ƃ","",""
"b","OT","sS","Ƃ","",""
"","OW","`Ƃ","Ƃ","ڎi@\j",""
"b","OU","r","Ƃイ","",""
"b","PS","ǂ炩ƌ","ǂ炩Ƃ","ij",""
"b","PS","ǂ炩ƌ","ǂ炩Ƃ","ij",""
"","OS","ǂɂĂ","ǂɂĂ","ij",""
"b","PT","ǉ","ǂ","",""
"","PP","Ƃ","Ƃ","",""
"","P","ˑR","Ƃ","",""
"","OW","ǂ","ǂ","",""
"b","PW","gbv","Ƃ","iJ^j",""
"b","OV","ƂĂi`Ȃj","ƂĂ","","ƂĂ`Ȃ"
"","OR","`","Ƃǂ","ڎiڔj","ȓ"
"","OW","","ƂƂ̂","",""
"","OW","","ƂƂ̂","",""
"","OR","{","ǂȂ","",""
"b","PT","Ƃɂ","Ƃɂ","",""
"b","OV","΂","Ƃ΂","",""
"b","PO","яオ","Ƃт","ij",""
"b","PO","яo","Ƃт","ij",""
"","PP֘A","є","Ƃтʂ","",""
"","OQ","щ","Ƃт܂","ij",""
"b","OV","","Ƃ","",""
"","OT֘A","","Ƃ","",""
"b","PX","y؁iHwj","ǂڂij","",""
"","OS","","ƂȂ","",""
"b","R","","Ƃ","","`ƂƂ"
"","OP","i`ƁjƂ","Ƃ","ij",""
"b","OQ","g","Ƃ","",""
"","OV","","Ƃ炦","",""
"","OW֘A","`","Ƃ","ڎiړj",""
"","OS","Ƃ肠","Ƃ肠","",""
"","OR֘A","グiQj","Ƃ肠","ij",""
"","OR֘A","グiPj","Ƃ肠iPj","ij",""
"","PO","戵","Ƃ肠߂","",""
"","OW֘A","舵","Ƃ肠","ij",""
"","OR","","Ƃ肢","ij",""
"","OW֘A","ԂȂ","Ƃ肩Ȃ","p",""
"","OW֘A","Ԃ","Ƃ肩","ij",""
"","bR","肩","Ƃ肩","ij",""
"","OV","g","Ƃ肭","",""
"","OV","g","Ƃ肭","ij",""
"","OW֘A","","Ƃ肯","ij",""
"b","QO","܂","Ƃ肵܂","",""
"","P","o","Ƃ肾","ij",""
"","OP","藧Ă","Ƃ肽Ă","ij",""
"b","PV","gbNA[g","Ƃ[","iJ^j",""
"","OW֘A","t","Ƃ","ij",""
"","OW֘A","菜","Ƃ̂","ij",""
"","OW֘A","O","Ƃ͂","ij",""
"","OW֘A","߂","Ƃǂ","ij",""
"b","Q","w","ǂ傭","^",""
"b","PP","̂","Ƃ","","̂ʂ"
"","OU֘A","`","`Ƃ","ij",""
"b","OX","h","ǂ","iJ^j",""
"b","OX","g[jO","Ƃ[ɂ","^iJ^j",""
"b","OS","hX","ǂꂷ","iJ^j",""
"b","PV","ǂ","ǂ","","S"
"","OT","D","ǂ","",""
"","OS","i`j킸","Ƃ킸","i@\j",""
"","OU֘A","g","Ƃ","iPʁj",""
"b","R","ƂłȂ","ƂłȂ","`e",""
"b","PQ","ǂǂ","ǂǂ","",""
"","OS","O","Ȃ","",""
"b","OQ","e","Ȃ悤","",""
"","OV","Ȃ","Ȃ","ڑ",""
"","OX","Ȃ","Ȃ","",""
"","Q","","Ȃ","^",""
"b","OS","","Ȃ","",""
"b","Q","","Ȃ","",""
"b","PX","","Ȃ","",""
"","OW","N","Ȃ˂","",""
"","OQ֘A","","Ȃт","",""
"","OR","","Ȃ","",""
"b","OT","g","Ȃ","",""
"","OS","","Ȃ","",""
"","OT","߂","Ȃ߂","",""
"b","OQ","w","Ȃ","",""
"b","PT","ǂ","Ȃ悭","",""
"b","PR","","Ȃ","","̗AԂ̗"
"b","OR","","Ȃ","","A"
"","OQ","","Ȃ","",""
"b","OU","","Ȃ","",""
"","bT","Ԃ߂","Ȃ߂","",""
"b","PX","S","Ȃ","",""
"b","QO","Ȃ荇","Ȃ肠","ij",""
"b","OU","Ȃ","Ȃ","",""
"","PO","","Ȃ","ij",""
"","OW","Q","Ȃ","",""
"","PP","o","Ȃ","ij",""
"","OV","","Ȃ","Ȍ`e",""
"","OU","Ȃ","ȂȂ","`e",""
"","OU","Ȃ","Ȃ","",""
"","OV","","Ȃ","","Ȃ"
"","OQ","","Ȃ","",""
"b","PR","","Ȃ","`e",""
"","PQ֘A","","Ȃ","",""
"b","OR","[","ȂƂ","",""
"b","PX","[","ȂƂ","^",""
"b","OU","ċx","Ȃ₷","",""
"b","PV","΂","ȂȂ","",""
"","OR","CȂ","ȂɂȂ","",""
"","PP","Ȃɂ","Ȃɂ","",""
"","bT","","Ȃɂ","",""
"b","PP","","Ȃɂ","",""
"b","PW","","Ȃ","",""
"","OV֘A","ӋC","Ȃ܂","Ȍ`e",""
"","bS","ӂ","Ȃ܂","",""
"b","PW","","Ȃ܂܂","",""
"","R","g","Ȃ܂","",""
"","PP","`","Ȃ","ڎiڔj",""
"b","PP","Y","Ȃ","",""
"b","PP","Y","Ȃ","",""
"b","QO","炷","Ȃ炷","",""
"","OT","`Ȃ","Ȃ","ڎi@\j","ނȂ"
"","Q","藧","Ȃ肽","ij",""
"b","OU","","Ȃ","",""
"","OT","Ȃׂ","Ȃׂ","",""
"b","OW","Ȃق","Ȃق","ԓ",""
"","OV","Փx","Ȃ񂢂","",""
"","bT","Ȃ","Ȃ","","ȂƂȂ"
"b","Q","","Ȃ񂫂傭","",""
"","bT","Ȃ񂾂","Ȃ񂾂","","ȂƂȂ"
"b","PP","łȂ","ȂłȂ","`eij",""
"","OU","Ȃ","Ȃ","",""
"","OQ","ƌĂ","ȂƂĂ","ij",""
"","OQ","ȂƂ","ȂƂ","",""
"b","OS","ȂƂ","ȂƂ","ij",""
"b","OS","ȂƂȂ","ȂƂȂ","ij","ȂƂȂ܂"
"b","OP","ȂƂȂ","ȂƂȂ","",""
"","OU","Ƃ","ȂƂ","","ƂȂ"
"","OV","","Ȃׂ","",""
"b","PU","k","Ȃڂ","",""
"","R","Ȃ炩","Ȃ炩","A̎",""
"b","PW","","ɂ","",""
"b","P","G","ɂ","",""
"b","PS","","ɂ","Ȍ`e",""
"b","PQ","","ɂ","",""
"b","OQ","肱Ԃ","ɂ肱Ԃ","",""
"b","OQ","","ɂ","",""
"","OS","ɂ키","ɂ키","",""
"","PQ֘A","","ɂ","`e",""
"","OV","H","ɂ傭","",""
"","PQ֘A","","ɂ","",""
"","PQ֘A","炵","ɂ炵","`e",""
"b","PS","ɂɂ","ɂɂ","i[ԁj",""
"","PP","ύ","ɂ","ij",""
"","OS֘A","","ɂ","",""
"b","Q","_Yf","ɂ񂩂","",""
"","OR","","ɂ傤","",""
"b","PW","U","ɂ","",""
"","OQ","","ɂ","",""
"","OW֘A","؁iTj","ɂiĂj","",""
"","OT","ב","ɂÂ","^",""
"","OW֘A","iTj","ɂイiĂj","",""
"","P","x","ɂǂ","",""
"","PO","S","ɂȂ","",""
"b","PS","{C","ɂق񂩂","iŗLj@",""
"b","OP","{","ɂق񂵂","",""
"b","OQ","{","ɂق񂶂イ","",""
"b","PS","ɂɂ","ɂɂ","i[ԁj",""
"","OU","jAX","ɂ゠","iJ^j",""
"b","QO","w","ɂイ","",""
"b","PP","","ɂイ","^",""
"b","PP","Ў","ɂイႵ","",""
"","OW","","ɂイ傤","^",""
"b","OW","","ɂイ傤","",""
"b","OR","ꗿ","ɂイ傤傤","",""
"b","OQ","","ɂ","",""
"b","PW","ς","ɂ","",""
"b","OS","l","ɂ񂰂","",""
"","PO","l","ɂ񂶂傤","",""
"","OV","Fm","ɂ","^",""
"b","PV","`lO","ɂ܂","ڎij",""
"","OU֘A","","ʂƂ","ij",""
"","OU֘A","","ʂ","",""
"b","QO","","ʂ","",""
"b","OQ","z","ʂ","",""
"","OX֘A","hւ","ʂ肩","ij",""
"b","PV","h","ʂ","",""
"b","PV","lオ","˂","^",""
"","OX","lCeBu","˂Ă","iJ^j",""
"b","PV","l","˂","^",""
"b","OQ","˂","˂","",""
"","PO","˂","˂","",""
"","Q","Q","˂","",""
"","bT","M","˂","",""
"b","OW","lbNX","˂ꂷ","iJ^j",""
"","PP","","˂Â悢","`e",""
"","PO","˂炤","˂炤","",""
"","OP","N","˂񂪂傤","",""
"","OR","N","˂񂱂","",""
"b","PU","`N","˂񂾂","ڎij",""
"","OS","N","˂ۂ","",""
"b","OR","N","˂܂","",""
"b","PX","N","˂ꂢ","",""
"","PQ","]","̂","",""
"b","OS","_","̂傤","",""
"","PP","[","̂","",""
"","PP","[Ŏ","̂","",""
"","Q","]","̂イ","",""
"b","Q","Zx","̂","",""
"","OR֘A","_","̂₭","",""
"","OP","\","̂傭","",""
"","OQ֘A","m[g^","́[Ƃ","iJ^j",""
"","OX֘A","","̂","",""
"b","OV","c","̂","",""
"b","OS","悹","̂","",""
"b","OV","ڂ","̂","",""
"b","S","̂","̂","","`"
"","OW֘A","","̂","",""
"","PP","]܂","̂܂","`e",""
"","PP","]","̂","",""
"","OQ","Ղ","̂","",""
"","OU","]","̂","",""
"","OV","ق","̂ق","",""
"","OU֘A","","̂Ƃ","ij",""
"b","OT","L΂","̂΂","",""
"b","OT","΂","̂΂","",""
"b","PP","쌴","̂͂","",""
"b","OT","Lт","̂т","",""
"b","OT","т","̂т","",""
"","OQ","qׂ","ׂ̂","",""
"b","OR","","̂ڂ","","Ki"
"","OS","̂","̂","",""
"b","PW","̂","̂","","C"
"","OQ","z","̂肱","ij",""
"b","QO","߂","̂肷","",""
"b","OV","ڂ","̂","","{ɍڂ"
"","OV֘A","̂낢","̂낢","`e",""
"b","PO","̂","̂","Ȍ`e",""
"b","PP","̂т","̂т","",""
"","OR","c","͂","^",""
"b","OU","o[QZ[","΁[񂹁[","iJ^j",""
"b","OR","ip[Zgj","ρ[","iJ^j",""
"b","R","p[gi[","ρ[Ƃȁ[","iJ^j",""
"b","P","i`j{","΂","","Q{AR{"
"b","OP","DF","͂","",""
"b","PU","~J","΂","",""
"","OS֘A","rCKX","͂","iJ^j",""
"","OS֘A","p","͂Ԃ","",""
"b","bW","oCLO","΂","iJ^j",""
"b","OP","oCN","΂","iJ^j",""
"","OP","wi","͂","",""
"","OU֘A","nCWbN","͂","^iJ^j",""
"","OX֘A","sҕ","͂ӂ","",""
"","OS֘A","r","͂","",""
"b","OS","nCeNiYƁj","͂Ăi傤j","iJ^j",""
"b","PR","oD","͂䂤","",""
"","OT֘A","͂","͂","","Ԃ񂪂͂"
"b","P","","͂","","ЂAт"
"b","R","","͂","",""
"b","Q","΂","΂","^Ȍ`e",""
"","OS֘A","j","͂","^",""
"b","S","͂","͂","",""
"","OU","͂Ȃ","͂Ȃ","`e",""
"","OU","͂","͂Ȃ","",""
"b","PP","΂炵","΂炵","`e",""
"b","QO","``","͂`","\",""
"b","PX","mے","͂Ă","",""
"b","OV","","͂","^",""
"","OQ֘A","","΂͂","^",""
"","OX","","͂傭","",""
"b","OV","","͂","`e",""
"","bT","܂","͂܂","",""
"","OR","","͂","",""
"b","QO","nU[hv","͂[ǂ","iJ^j",""
"","PP","[","͂","",""
"","PQ֘A","p","͂","",""
"","Q","i`āj͂߂","͂߂","ij",""
"b","OR","߂","͂߂","",""
"b","OU","`n߂","͂߂","i@\j","Jn"
"","R","","͂܂","ij",""
"b","PR","oXPbg{[","΂Ƃځ[","iJ^j",""
"b","OW","͂","͂","","\z͂"
"b","PQ","","͂","",""
"","OV","p^[","ς[","iJ^j",""
"b","PT","","͂","",""
"","OT","","͂","",""
"","OS","ʂ","͂","",""
"b","PS","","͂炫","",""
"","OP֘A","","͂炫","ij",""
"","OT֘A","͂","͂","","I"
"","P","o`","΂","",""
"","P","o`","΂","p",""
"","PQ֘A","͒","͂イ邢","",""
"","OV","","͂","^",""
"b","OX","͂肷","͂肷","ij",""
"","OT","pbP[WcA[","ς[[","iJ^j",""
"","OX","","͂","^",""
"","OR","s","͂","^",""
"b","Q","","͂","^",""
"","PP","z","͂","^",""
"","OP֘A","B","͂","^",""
"b","QO","W","͂Ă","^",""
"","bR","d@","͂ł","",""
"","OQ","","͂΂","^",""
"","PP","A","͂ۂ","",""
"b","PS","h","͂","Ȍ`e",""
"","OR","΂Ă","΂Ă","",""
"b","OQ","͂","͂","",""
"b","OQ","@","͂","",""
"b","QO","b","͂Ȃ","ij",""
"b","bQ","b","͂Ȃ","ij",""
"b","OQ","","͂Ȃ","",""
"b","P","oii","΂Ȃ","iJ^j",""
"b","PX","","͂Ȃ","",""
"b","PQ","H","͂","",""
"","OT֘A","˂","͂˂","",""
"b","OT","","͂","",""
"","OR","L","͂΂Ђ낢","`e",""
"b","PQ","͂܂","͂܂","",""
"b","PO","","΂߂","",""
"b","OQ","","͂","",""
"b","PQ","o","΂","","KN"
"","PO","oGeB","΂炦Ă","iJ^j",""
"b","OU","","͂炪","p",""
"","OP","pTCg","ς炳","iJ^j",""
"","R","炷","͂炷","",""
"","OT֘A","","͂","",""
"b","PS","͂͂","͂͂","i[ԁj",""
"b","PU","ςς","ςς","i[ԁj",""
"","OU","oX","΂","iJ^j",""
"","OR","莆","͂肪","",""
"","OU","t","͂","ij",""
"","bT","΂΂","΂΂","i[ԁj",""
"","OU","͂邩","͂邩","",""
"b","PR","p[h","ς[","^iJ^j",""
"b","PR","o[{[","΂[ځ[","iJ^j",""
"","OW","΂","΂","",""
"","R","`","΂","ڎiڔj","V̓"
"","OQ","͈","͂","",""
"","PQ","ɉh","͂񂦂","^",""
"","OP֘A","nK[","͂񂪁[","iJ^j",""
"b","OV","z","͂񂪂","",""
"","OV","pN","ς","^iJ^j",""
"b","OT","a","͂񂯂","",""
"","PP","R","͂񂱂","^",""
"","PQ","R","͂񂱂","",""
"","PP","RI","͂񂱂Ă","Ȍ`e",""
"b","OT","","΂񂱂͂񂩂","",""
"","OP","Ӎ","΂񂱂","",""
"","OP","ƍ","͂񂴂","",""
"b","PW","","͂񂷂","",""
"","OQ","","͂񂹂","^",""
"","OX֘A","","͂񂻂","^",""
"b","Q","","͂񂻂","",""
"b","OQ","p_","ς","",""
"b","OW","΂","͂񂽂","",""
"b","OX","f","͂񂾂","^",""
"","R","f","͂񂾂","p",""
"","bS","ǒ","͂񂿂傤","",""
"","OP","","͂Ă","^",""
"b","OS","nh","͂ǂ","iJ^j",""
"b","P","Ɛl","͂ɂ","",""
"b","R","","͂̂","^",""
"","OT","\","΂̂","",""
"b","P","no[K[","͂΁[[","iJ^j",""
"","OS","̔","͂΂","^",""
"","P","̔X","͂΂Ă","",""
"","PO","_","͂","^",""
"b","OR","`","","ڎiڔj",""
"b","PS","","Ђ","",""
"","OS֘A","ar","с[","",""
"","PP֘A","s[N","ҁ[","iJ^j",""
"","OQ","q[[","Ё[[","iJ^j",""
"","PO","₦","Ђ","",""
"b","OX","Q","Ђ","",""
"","OW","Q","Ђ","",""
"b","bW","A","Ђ","",""
"","OQ","r","Ђ","^",""
"b","PQ","","Ђ","",""
"b","PO","ߊϓI","ЂĂ","Ȍ`e",""
"b","OQ","`C","Ђ","ڎij",""
"","OS","`","т","ڎiڔj","Ȑi"
"","OR֘A","グ","Ђ","ij",""
"b","PX","󂯂","Ђ","ij",""
"","OS֘A","N","Ђ","ij",""
"","PO֘A","","Ђ","",""
"","PO","Ԃ","Ђ","ij",""
"","PO","","Ђ","ij",""
"","PP","","Ђ","ij",""
"","OP","o","Ђ","ij",""
"","OT","Ђ","Ђ","ij",""
"","OS","","ЂƂ","ij",""
"","OS֘A","L΂","Ђ̂΂","ij",""
"","OW","","Ђ킯","ij",""
"b","OV","","Ђ","","Z"
"b","OU","Ђ","Ђ","","ԂlЂ"
"b","PO","","Ђ","",""
"","PO","тт","тт","i[ԁj",""
"b","P","Ђ","Ђ","",""
"","OX","ی","Ђ","^",""
"b","R","","Ђ","",""
"b","OQ","Ђ","Ђ","",""
"b","OV","sU","҂","iJ^j",""
"","R","v","Ђ","`e",""
"","OX","sT̎Γ","҂̂Ƃ","iŗLj",""
"","PQ","ߎS","Ђ","Ȍ`e",""
"b","OQ","Ђ","Ђ","",""
"","PP","d","Ђイ","",""
"b","PV","p","т","",""
"b","OR","","Ђ傤","",""
"b","OU","x","Ђ傤ׂ","iJ^j",""
"b","OQ","z","Ђ","",""
"b","17","r^~b","т݂񂵁[","iJ^j",""
"","OP֘A","","Ђ","ij",""
"","OP֘A","","Ђ","ij",""
"b","OS","MLij","Ђ","",""
"","OT֘A","Ԃ","Ђ肩","ij",""
"","OT֘A","ЂԂ","Ђ肩","",""
"b","OW","qbg","ЂƁ@","^iJ^j",""
"","OT","","Ђς","ij",""
"","OU","Kv","Ђ悤","",""
"","OP","ے","ЂĂ","^",""
"","OU","ےI","ЂĂĂ","Ȍ`e",""
"b","PT","S","ЂƂ񂵂","^",""
"","OX","l{","ЂƂ΂","ij",""
"b","PO","Ђǂڂɂ","Ђǂ߂ɂ","p",""
"","OV","","ЂƂ","",""
"","OQ","ꌾ","ЂƂ","",""
"b","OQ","lww","ЂƂ","",""
"b","OU","`l","ЂƂ","",""
"b","OU","Ӓ","ЂƂ΂񂶂イ","",""
"","PP","lC","ЂƂ܂","",""
"b","PX","l炵","ЂƂ肮炵","",""
"","OU","Ƃ茾","ЂƂ育","",""
"","P","","Ђɂ","^Ȍ`e",""
"","OT֘A","Ђ˂","Ђ˂","",""
"b","PT","̏o","Ђ̂","",""
"","OP","ᔻ","Ђ͂","^",""
"","OX","X","Ђ","",""
"","OR","얞","Ђ܂","",""
"","OW֘A","SȎT","ЂĂ","",""
"b","PU","r[r[","т[т[","i[j",""
"","PO֘A","rbtF","тӂ","iJ^j",""
"","OX","i`j[","Ђ傤","",""
"","OP","]","Ђ傤","^",""
"","OW֘A","\L","Ђ傤","^",""
"b","P","\","Ђ傤","^",""
"b","OR","\","Ђ傤","^",""
"b","PR","et","т悤","",""
"","OX֘A","\","Ђ傤傤","^",""
"","OX֘A","\","Ђ傤傤","",""
"","OU֘A","b","т傤","",""
"b","PU","","т傤ǂ","Ȍ`e",""
"","OR֘A","엿","Ђ傤","",""
"","OT","I","Ђ낤","",""
"b","PT","L","Ђ낪","",""
"b","PT","L","Ђ낰","",""
"b","OX","L܂","Ђ܂","",""
"b","OX","L߂","Ђ߂","",""
"b","OP","sN","҂","iJ^j",""
"b","OS","i","Ђ񂵂","",""
"","OX","s`","҂","iJ^j",""
"","OU","҂Ƃ","҂Ƃ","p",""
"","Q","҂҂","҂҂","i[ԁj",""
"","OQ֘A","s`","","ڎiړj",""
"","OR","t@[Xgt[h","ӂ[ƂӁ[","iJ^j",""
"b","PS","z","Ԃ","Ȍ`e",""
"","OX֘A","t@E","ӂ","^iJ^j",""
"","OR","t@~[Xg","ӂ݂[ꂷƂ","iJ^j",""
"b","PR","s","ӂ","Ȍ`e",""
"","OQ","s","ӂĂ","Ȍ`e",""
"","PQ","tB[hobN","ӂ[ǂ΂","^iJ^j",""
"","OT","tB[hAX`bN","ӂ[ǂꂿ","iJ^j",""
"","OQ֘A","sv","ӂ","",""
"b","R","`ӂ@","ӂ","i@\j","Ȃӂ"
"b","S","i","ӂ","",""
"","OW","h","ӂ","",""
"b","OU","vw","ӂ","",""
"","OR","u[","ԁ[","iJ^j",""
"","OX","tFAv[","ӂՂ[","iJ^j",""
"","OQ","tFXeBo","ӂĂ΂","iJ^j",""
"","OQ֘A","s","ӂ","",""
"b","QO","s","ӂ","Ȍ`e",""
"","OQ","s","ӂ","Ȍ`e",""
"","OQ֘A","s\","ӂ̂","Ȍ`e",""
"b","OX","[܂","ӂ܂","",""
"b","PQ","[","ӂ","",""
"b","OX","[߂","ӂ߂","",""
"","OQ֘A","sS","ӂ񂺂","Ȍ`e",""
"","OQ֘A","s@","ӂ","Ȍ`e",""
"","OP","y","ӂイ","^",""
"","OQ֘A","s","ӂ傤","",""
"b","OU","ӂ","ӂ","","Mӂ"
"b","PS","","ӂ","",""
"","bP","","ӂ","",""
"b","PT","","ӂ","",""
"b","PV","܂","ӂ","",""
"b","PV","܂߂","ӂ߂","",""
"","OS","ӂ","ӂ","",""
"","OP","siC","ӂ","",""
"","OQ֘A","s","ӂ","Ȍ`e",""
"","OQ֘A","sK","ӂ","Ȍ`e",""
"","OQ֘A","s","ӂւ","Ȍ`e",""
"","Q","ӂ킵","ӂ킵","`e",""
"b","PS","svc","ӂ","Ȍ`e",""
"b","OR","xmR","ӂ","iŗLj",""
"","OQ֘A","sR","ӂ","Ȍ`e",""
"b","PT","","Ԃ","",""
"b","R","sR","ӂ䂤","Ȍ`e",""
"","PP","sR","ӂ","Ȍ`e",""
"b","PV","wl","ӂ","",""
"b","OS","se","ӂ񂹂","Ȍ`e",""
"","OX","wl","ӂӂ","",""
"","OQ֘A","s","ӂ","Ȍ`e",""
"","OV","s","ӂ","",""
"","OV","h","ӂ","",""
"b","OX","i`js","Ԃ","","sAQs"
"b","PS","oq","ӂ","",""
"","PQ","Ă","ӂ","",""
"b","OP","ؓ","Ԃɂ","",""
"","OS","S","ӂ","^",""
"b","PX","i","ӂ","",""
"b","OU","s","ӂイ","",""
"b","OS","","Ԃ傤","",""
"","OP֘A","tbN","ӂ","iJ^j",""
"b","PS","Ԃ","Ԃ","",""
"b","PP","","Ԃ","",""
"","OT","ӂ","ӂ","",""
"","OT","sY","ӂǂ","",""
"b","PR","M","ӂ","",""
"","OS","sRi݁j","ӂ˂","",""
"","OS","i","ԂЂ","",""
"b","PV","","ԂԂ","",""
"","PP","ՓI","ӂւĂ","Ȍ`e",""
"","R","܂","ӂ܂","","`𓥂܂"
"","OQ֘A","s","ӂ܂","Ȍ`e^",""
"","PQ","ݍ","ӂ݂","ij",""
"","OQ֘A","sv","ӂ悤","Ȍ`e",""
"b","OP","uE","Ԃ炤","iJ^j",""
"b","OX","vX","Ղ炷","iJ^j","u|ʁv"
"b","OP","ubN","Ԃ","iJ^j",""
"b","OU","ԂԂ","ԂԂ","i[ԁj",""
"","OT","uR","Ԃ","iJ^j",""
"b","OS","uh","Ԃ","iJ^j",""
"b","OV","uh","Ԃǂ","iJ^j",""
"","OQ֘A","s","ӂ","Ȍ`e",""
"","OV","ӂ","ӂ","","mȂӂ"
"","PQ","t[^[","ӂ[[","iJ^j",""
"","OS","t[}[Pbg","ӂ[܁[","iJ^j",""
"b","OT","UԂ","ӂ肩","",""
"","OV","U荞","ӂ肱","ij",""
"b","PV","U","ӂނ","",""
"","OS֘A","vg","Ղ","^iJ^j",""
"b","QO","U","ӂ","",""
"","bT","ӂ","ӂ","","j̊֌W"
"b","OP","u[","Ԃ[","iJ^j",""
"b","PQ","t[c","ӂ[","iJ^j",""
"b","QO","u[x[","Ԃ[ׂ[","iJ^j",""
"b","PP","ӂ邳","ӂ邳","","̋"
"b","OR","Ö{","ӂق","",""
"","OW","u[J[","Ԃ[[","iJ^j",""
"b","OU","u[L","Ԃ[","iJ^j",""
"","OT","v[p[N","Ղ[ρ[","iŗLjiJ^j",""
"b","OS","v","Ղ","iJ^j",""
"","OU","u[hoh","Ԃ[ǂ΂","iJ^j",""
"","OQ","vWFNg","Ղ낶","iJ^j",""
"","OX","`","Ԃ","ڎi@\j","``"
"","OU","͋C","ӂ񂢂","",""
"b","PU","","ӂ","",""
"","PP","","Ԃ񂩂","",""
"","PQ","_","Ԃ񂫂Ă","",""
"b","QO","^","Ԃ񂯂","",""
"b","PX","n","Ԃ񂯂","",""
"b","PR","W","Ԃ񂵂イ","",""
"b","P","","Ԃ񂵂傤","",""
"","OQ","","Ԃ񂹂","^",""
"","OU֘A","","ӂ񂻂","",""
"","OV","","Ԃ񂽂","",""
"","bS","S","Ԃ񂽂","^",""
"","OQ","","Ԃ","",""
"b","OV","`́`","Ԃ","\",""
"","OS","","Ԃׂ","^",""
"","PO","","Ԃ݂Ⴍ","",""
"b","OV","","Ԃ","",""
"","OV","","Ԃ邢","^",""
"b","PS","wAX^C","ւ","iJ^j",""
"","OT֘A","","ւ","",""
"","OW","C","ւ","Ȍ`e",""
"b","Q","","ւ","^",""
"","bP","","ւ","",""
"","PP","","ւ","",""
"","OX","n","ւ","",""
"b","Q","N@","ւ˂","",""
"","OU֘A","i[gj","ւقi߁[Ƃj","iPʁj",""
"","OT","}","ւڂ","Ȍ`e",""
"b","PV","","ւ߂","",""
"","OX","","ւ","",""
"","PP","y[X","؁[","iJ^j",""
"","OQ","`ׂ","ׂ","ڎi@\j",""
"","OT","ւ","ւ","",""
"","OT","ւ","ւ","",""
"b","OP","","ׂ","","ʂ́`"
"b","S","ybg{g","؂ƂڂƂ","iJ^j",""
"b","QO","wbhCg","ւǂ炢","iJ^j",""
"b","PW","ʂ","ׂ","",""
"","OT֘A","ւ","ւ","",""
"b","PQ","炷","ւ炷","",""
"b","PV","؂؂","؂؂","i[ԁj",""
"b","PU","x_","ׂ","iJ^j",""
"b","PV","wRv^[","ւ肱Ղ[","iJ^j",""
"b","bQ","x","ׂ","iJ^j",""
"b","bW","xg","ׂ","iJ^j",""
"b","PQ","ω","ւ","^",""
"b","PV","yL","؂","iJ^j",""
"b","bV","ύX","ւ񂱂","^",""
"","PP","ϑ","ւ񂻂","^",""
"b","OU","x`","ׂ","iJ^j",""
"b","bV","ԕi","ւ҂","^",""
"b","OW","","ق","","lE"
"b","PP","","ق","",""
"b","OX","_","ڂ","",""
"","PP","_Ot","ڂ","iJ^j",""
"b","PU","","ق","",""
"","OT","`","ڂ","",""
"b","OX","V","قイ","",""
"","OR","j","ق","",""
"","PP","@l","ق񂺂","",""
"","OT֘A","","ق","",""
"","OP","`","ق","ڎiڔj","Hו"
"","OQ","Ă","قĂ","ij",""
"","OX","Lx","ق","Ȍ`e",""
"","OT֘A","蓊","قȂ","ij",""
"","OX","\","ڂ傭","",""
"","OT֘A","","ق","",""
"b","R","ق","ق","",""
"b","OQ","ق^ق","ق","","j"
"b","OS","z[","ف[","iJ^j",""
"","OP","z[VbN","ف[ނ","iJ^j",""
"b","PO","ق炩","ق炩","Ȍ`e",""
"","OX","⋭","ق傤","^",""
"","OU","","ڂ","",""
"","bS","ی","ق񂶂","",""
"","Q","ی","ق傤","",""
"","OU","ی","ق","^",""
"","OQ","s","ق","^",""
"","OT","ق","ق","",""
"","OP","[","قイ","^",""
"","OS","W","ڂイ","^",""
"","Q","ۏ","ق傤","^",""
"","OR","ۏؐl","ق傤ɂ","",""
"b","PU","","ق","",""
"","OV","⑫","ق","^",""
"b","PU","ג","قȂ","`e",""
"","Q","ق炩ɂ","ق炩ɂ","p",""
"b","OV","zbghbO","قƂǂ","iJ^j",""
"b","PQ","{fB","ڂł","iJ^j",""
"","OR֘A","{fB[rfBO","ڂł[тł","iJ^j",""
"b","QO","{fBQ[W","ڂł񂰁[","iJ^j",""
"","PQ","قǂ","قǂ","",""
"","PQ","قǂ","قǂ","",""
"","PQ֘A","ٓ","قɂイ邢","",""
"","PP֘A","ق","ق","",""
"b","OX","ق߂","ق߂","",""
"","PQ","zETsGX","قE҂","iJ^j",""
"","OT","@","ق","",""
"b","OP","zCg","ق킢","iJ^j",""
"","OR","{iI","ق񂩂Ă","Ȍ`e",""
"","OS","{","ق񂶂","",""
"","PP","{","ق񂵂","",""
"","OQ","{","ق񂽂","",""
"","OQ","{cZH","ق񂾂񂱂傤","iŗLj",""
"","OX","~n","ڂ","",""
"b","OP","{","قƂ","",""
"b","P","{l","قɂ","",""
"b","OR","ق","ق","","ق̏Aق̈ꕔ"
"","PO","{","ق΂","",""
"b","OS","{","قԂ","",""
"b","S","ۂۂiƁj","ۂۂ","i[ԁj",""
"b","PW","{","ق","",""
"b","QO","{","ق炢","^",""
"b","OR","܂܂","܂܂","",""
"","OW","`܂","܂","ڎi@\j","ے̈ӎu\"
"","OQ","}CN","܂","iJ^j",""
"","OU","}CN","܂","iPʁj",""
"","PQ","","܂","^",""
"b","OX","}CiX","܂Ȃ","iJ^j","u|ʁv"
"","PQ","O","܂","",""
"","Q","Ou","܂","",""
"","bT","O","܂ނ","",""
"b","PX","O","܂","",""
"b","PX","C","܂","",""
"","OR֘A","܂","܂","","܂"
"","OT֘A","","܂","",""
"","OU","","܂","",""
"","OX","}Oj`[h","܂ɂ[","iJ^j",""
"","PQ","","܂Ƃ","",""
"b","PW","܂","܂","",""
"","P","C","܂","^",""
"b","PW","܂","܂","",""
"b","PP","܂","܂","Ȍ`e",""
"","R","","܂","",""
"","OX","}WV","܂","iJ^j",""
"","OX","}WbN","܂","iJ^j",""
"","bS","","܂","",""
"","OS","","܂","",""
"","OT","n","܂","`e",""
"","OV","}X^[","܂[","^iJ^j",""
"b","PT","܂܂@","܂܂","",""
"b","PS","܂","܂","ڑ",""
"b","R","X","܂","",""
"b","OU","҂킹","܂킹","^",""
"","OS","ԈႢȂ","܂Ȃ","`eij",""
"b","QO","ԈႤ","܂","",""
"","OX","҂\","܂܂","ij",""
"b","OQ","","܂イ","",""
"","PO","҂","܂ǂ","`e",""
"b","OP","^","܂","Ȍ`e",""
"b","OP","^","܂","Ȍ`e",""
"b","OW","}bT[W","܂[","^iJ^j",""
"b","OP","^","܂","Ȍ`e",""
"b","OP","^","܂","Ȍ`e",""
"b","OR","S","܂","","S`ȂAS"
"b","OW","S","܂","","S"
"","PO֘A","","܂ǂ","",""
"","OR","","܂ǂ","",""
"","OS֘A","Ԏ","܂ǂ","",""
"b","OP","}i[","܂ȁ[","iJ^j",""
"b","PT","^","܂Ȃ","",""
"b","PR","w","܂Ȃ","",""
"","OS֘A","","܂˂","",""
"b","PP","","܂悤","",""
"b","OX","`܂","܂","ڎi@\j","܂"
"b","OP","ۂ","܂邢","`e",""
"b","OQ","܂","܂","",""
"b","PQ","ۂ","܂","",""
"","PP","","܂񂢂","",""
"b","PO","","܂񂢂","",""
"b","OV","}K^","܂","",""
"","PP","","܂񂪂","",""
"b","PS","","܂񂴂","",""
"b","OR","","܂񂵂","",""
"b","OR","","܂񂵂","",""
"","PO","\","܂񂶂イ","",""
"b","OX","","܂񂼂","^",""
"b","OX","","܂񂼂","",""
"","bR","}l","܂˂","iJ^j",""
"","bR","}l","܂˂肩","^iJ^j",""
"","OP֘A","`","","ڎiړj",""
"b","PQ","`","","ڎiڔj","Â"
"","OR֘A","グ","݂","ij",""
"","OP","","݂","",""
"","OP֘A","","݂","",""
"","OW","","݂","",""
"b","R","","݂","",""
"","OT","","݂","",""
"","OP֘A","","݂񂹂","",""
"","PQ","","݂","",""
"","OS","","݂","",""
"","OS","","݂","",""
"","OP","iҁj","݂ij","",""
"","OP֘A","n","݂キ","Ȍ`e",""
"","OP֘A","gp","݂傤","",""
"b","OX","~X","݂","iJ^j","ԈႢ"
"b","PP","","݂","",""
"b","PU","","݂","",""
"b","PV","ۂ","݂ۂ","`eij",""
"","OP֘A","N","݂˂","",""
"b","PW","݂`","݂","",""
"b","OQ","`݂","݂","ڎi@\j",""
"","OR","o","݂","",""
"","OW֘A","o","݂","",""
"","PQ","Ă","݂Ă","ij",""
"","OU","Ȃ","݂Ȃ","",""
"","OP֘A","m","݂","",""
"","P","g","݂","Ȍ`e",""
"b","R","","݂т","",""
"","PO","O","݂ڂ","",""
"b","QO","ߍ","݂߂","ij",""
"","PO","ς","݂","ij",""
"","OT","","݂","",""
"","OP֘A","","݂Ă","",""
"","OQ","ʂ","݂Ƃ","",""
"b","R","F߂@","݂Ƃ߂","",""
"b","PR","","݂ǂ","","R"
"","OP","","݂Ȃ","ij",""
"","bU","݂Ȃ","݂Ȃ","",""
"","OP","씼","݂Ȃ݂͂񂫂イ","",""
"","OT","","݂Ȃ","ij",""
"","OU","X","݂ɂ","`e",""
"b","PU","gɂ","݂ɂ","p",""
"b","PU","gɂ","݂ɂ","p",""
"","OR֘A","~l","݂˂","iJ^j",""
"","bP","","݂̂","ij",""
"","OP","g̉","݂̂܂","",""
"","OP֘A","B","݂͂","",""
"","OQ","gU","݂Ԃ","",""
"","OT","","݂܂","ij",""
"","OP֘A","`","݂܂","ڎiڔj",""
"","PO","","݂݂","",""
"","R","X","݂݂ނ","p",""
"b","PR","~[WV","݂[","iJ^j",""
"","P","","݂傤","",""
"","OP֘A","","݂炢","",""
"","OU","mg","݂肮","iPʁj",""
"","OT","","݂傭","",""
"","R","","݂ۂ","",""
"","OQ","","ނ","",""
"","OQ","}","ނ","",""
"","PP","֐S","ނ񂵂","^Ȍ`e",""
"","OV֘A","`","ނ","ڎi@\j",""
"b","PS","`","ނ","ڎiڔj",""
"b","PU","","ނ","",""
"","OV","","ނ","","K"
"","OT֘A","ނ","ނ","","ނ"
"","OV","񂤁^","ނ^ނ","",""
"","OV֘A","`","ނ","ڎi@\j",""
"b","Q","","ނ","",""
"","OT֘A","ނ","ނ","","炪ނ"
"","OP","","ނ","^",""
"b","OQ","","ނ","",""
"","R","","ނ","^",""
"b","PP","ނ","ނ","",""
"","P","_o","ނ񂯂","Ȍ`e",""
"","PO","l","ނƂ","",""
"b","PW","","ނ","",""
"b","PO","ѕt","ނт","ij",""
"","OT","","ނ","",""
"","PO","ӔC","ނɂ","Ȍ`e",""
"b","OW","","ނイ","",""
"b","PW","","ނ߂","",""
"b","OQ","","ނ炶イ","",""
"b","QO","","ނ","",""
"","PO֘A","","ނ傤","",""
"","OV","͊","ނ傭","",""
"b","OR","`","","ڎiڔj","Ȃ"
"","Q","","߂","Ȍ`e",""
"b","PQ","","߂","",""
"","PP","","߂","",""
"","OW","","߂","i`^j",""
"","PP","߂߂","߂߂","",""
"","OR֘A","_","߂","",""
"","PP","","߂ꂢ","^",""
"b","OS","f","߂킭","Ȍ`e^",""
"b","OS","f","߂킭","",""
"b","OS","[J[","߁[[","iJ^j",""
"b","OQ","[","߁[","^iJ^j",""
"b","PP","ڂȂ","߂Ȃ","p","`ɖڂȂ"
"","OQ","JjY","߂ɂ","iJ^j",""
"","OT","ڂ","߂܂","p",""
"","bT","b܂","߂܂","",""
"","bT","b","߂","",""
"","OP","","߂","",""
"b","PR","ڎw","߂","",""
"b","OW","W[[O","߂[[","iŗLjiJ^j",""
"","PP֘A","ڗ","߂","",""
"","PP֘A","ڗ","߂","",""
"","OX","_","߂","iJ^j",""
"b","PQ","bZ[W","߂[","iJ^j",""
"","bP","߂","߂","",""
"b","PO","`ڂɂ","߂ɂ","p","Ђǂ^ςȖڂɂ"
"","OV","ڂ̑Oɂ","߂̂܂ɂ","p",""
"b","OX","`߂","߂","ڎiڔj",""
"","OV","߂","߂","",""
"b","PS","Ɖu","߂񂦂傭","",""
"b","QO","Ƌ","߂񂫂","",""
"b","OS","ʐ","߂񂹂","^",""
"b","OS","ʐڎ","߂񂹂","",""
"","R","ʒk","߂񂾂","^",""
"","OR","ʓ|","߂ǂ","Ȍ`e^",""
"","bR","","","",""
"","bR","","","",""
"","R","݂","","",""
"","OT","\o","ł","ij",""
"","OW","ҏ","","",""
"","PQ","ӓ_","Ă","",""
"","OQ","ڌ","","^",""
"b","OU","ړIn","Ă","",""
"b","OX","ڕW","Ђ傤","",""
"","OT֘A","","","",""
"b","OS","","","",""
"","OV","","","",""
"b","Q","ʂ","ǂ","ij",""
"b","R","","","",""
"b","R","̂","̂","ij",""
"","OS֘A","炷","炷","",""
"","OT֘A","","","","ǂɂ"
"b","PQ","","","",""
"","OR֘A","グ","","ij",""
"","bP","","","",""
"","bP","","","ij",""
"","PP","","","ij",""
"b","OW","Ȃ","Ȃ","`e",""
"","OT","bg[","Ɓ[","iJ^j",""
"","PO","Ƃ","Ƃ","Ȍ`e",""
"","OV","Ƃ","Ƃ","ڑ",""
"b","OR","ł","Ƃ","",""
"b","OT","f","ł","iJ^j","^"
"","PP","","","","ӂ̂ƂɁ`"
"","OT","","","","f"
"","OV","Â","ƂÂ","",""
"b","OX","߂","Ƃ߂","",""
"b","P","X","Ƃ","",""
"b","OV","`","","ڎiڔj","uhAjA"
"b","PQ","","̂","",""
"","OS","mN","̂","iJ^j",""
"b","OV","Â","̂Â","",""
"","OV","Y","̂킷","",""
"","OT֘A","","","",""
"b","OP","F","","",""
"b","Q","R₷","₷","",""
"","OW","Â","您","",""
"","OR֘A","オ","肠","ij",""
"","OR֘A","グ","肠","ij",""
"b","PW","","","ij",""
"b","PW","","","",""
"b","OS","","","",""
"","OW","","񂰂","",""
"","OT","₪","₪","",""
"","PO֘A","₩܂","₩܂","`e",""
"b","PQ","Ă","₫ɂ","",""
"b","OR","싅","₫イ傤","",""
"b","PS","","₭","",""
"b","PR","","₭","",""
"","OP","","₭","",""
"","PP","l","₭ɂ","",""
"","OX","","₭Ԃ","",""
"b","S","","₭","",""
"","OP","W","₶","",""
"b","PV","ۂ","₷ۂ","`eij",""
"b","PU","","₽","",""
"","P","","","",""
"","OV","","","Ȍ`e",""
"","OQ","Ă","Ă","ij",""
"b","OW","ς","ς","",""
"","OX","ق","Ƃ","",""
"b","PQ","}","Ƃ","",""
"b","OW","͂","͂","",""
"b","OV","j","Ԃ","","L^j"
"","OX֘A","s","Ԃ","",""
"b","PS","a","܂","",""
"b","PS","a͋C","܂͂","piƂ킴j",""
"b","OU","RΎ","܂","",""
"b","PT","R","܂","",""
"b","OR","","","",""
"","OX","₱","₱","`e",""
"","PQ","","","",""
"","PQ","萋","Ƃ","ij",""
"","OW","Ƃ","Ƃ","",""
"b","OX","C","邫","",""
"","P","J","䂤","Ȍ`e",""
"b","OU","EC","䂤","",""
"","OR֘A","L@","䂤","",""
"","PQ","VY","䂤","",""
"","OS","DG","䂤イ","Ȍ`e",""
"b","PQ","F","䂤傤","",""
"b","OS","Fl","䂤","",""
"","PO","Z","䂤","",""
"","PO","Zʂ","䂤Â","p",""
"","OS","L","䂤ǂ","Ȍ`e",""
"","OV֘A","L\","䂤̂","Ȍ`e",""
"","OW","ten","[ӂ[","",""
"","OQ֘A","L","䂤","Ȍ`e",""
"","OU","L","䂤傤","",""
"","OQ֘A","Dǉ","䂤傤","p",""
"","OX","","䂩","",""
"b","PS","ፑ","䂫","",""
"","OX","A","䂯","^",""
"b","QO","","䂸","",""
"b","PQ","L","䂽","Ȍ`e",""
"b","QO","f","䂾","^",""
"b","PW","ł","ł","",""
"b","PX","Ƃ","Ƃ","",""
"","OX","jZbNX","ɂ","iJ^j",""
"","PP","lXR","˂","iŗLjiJ^j",""
"b","OQ","w","","",""
"b","OQ","w","т","",""
"","OX","R","炢","",""
"b","R","","邷","",""
"b","R","h","","",""
"b","PU","閾","悠","",""
"","OV","v","悤","",""
"b","PO","zC","悤","Ȍ`e",""
"b","PX","p","悤","",""
"b","bQ","p","悤","",""
"","OR֘A","{B","悤傭","^",""
"","PO","pS","悤","^",""
"","OU","v","悤","ڑ",""
"","OU֘A","e","悤","",""
"b","OX","vf","悤","",""
"","OV֘A","ct","悤","Ȍ`e",""
"b","P","ct","悤","",""
"","OS","pr","悤","",""
"","OW","悤₭","悤₭","",""
"b","bW","p","悤ꂢ","",""
"b","OW","\","悩","^",""
"b","PV","悭","悭","","S"
"","OP","~","悭","",""
"","OV","]v","悯","Ȍ`e",""
"","PP","i`Ɓj悯","悯","ڎi@\j",""
"b","OW","\","悰","^",""
"b","OW","\","悱","^",""
"","PP","","悱","",""
"","PP֘A","","悱Ȃ","",""
"b","OX","ɂȂ","悱ɂȂ","p",""
"","PP֘A","΂","悱΂","",""
"","OU","","悱݂","",""
"","bR","\Z","悳","",""
"b","OX","悵","悵","ԓ",""
"","PP","P","悵","",""
"","bT","悷","悷","","߂"
"","R","񂹂","悹","",""
"b","OW","\I","悹","",""
"b","OW","\z","悻","^",""
"b","OW","\","悻","^",""
"b","OW","\m","悿","^",""
"b","PV","bg","","",""
"b","OW","","ς炤","",""
"b","PQ","^}","Ƃ","",""
"b","OU","钆","Ȃ","",""
"b","PP","̒","̂Ȃ","",""
"b","OW","\","","",""
"","OP֘A","Ăт","т","ij",""
"b","OW","\Z","т","",""
"","PO","Ăт","т","ij",""
"b","PQ","Ă","","","`ƌĂ"
"b","OW","\h","ڂ","^",""
"","PO","ق","ق","",""
"","OU֘A","ǂݎ","݂Ƃ","ij",""
"","OV","ǂ݊ԈႤ","݂܂","ij",""
"","Q","]","݂傤","",""
"","bS","]T","䂤","",""
"","OV","","","",""
"b","OX","","","","ǂ`"
"","OQ֘A","^","邪","",""
"","PQ֘A","΂","낱΂","`e",""
"b","bS","","낱","","Łi`j"
"","OQ","","","",""
"b","OX","܂","܂@","",""
"b","PQ","","","",""
"b","OX","߂","߂","",""
"b","P","`","","ڎiڔj","ނAA"
"b","PW","[","[߂","iJ^j",""
"b","OQ","CI","炢","iJ^j",""
"","P","","炢ɂ","^",""
"","bT","nre[V","炢͂тā[","iJ^j",""
"b","PX","Co","炢΂","iJ^j",""
"","PQ","CuRT[g","炢Ԃ񂳁[","iJ^j",""
"b","PS","","炭","",""
"b","PT","","炭","",""
"b","OS","Or[","炮с[","iJ^j",""
"","OT","XgV[","炷Ƃ[","iJ^j",""
"b","PO","yϓI","Ă","Ȍ`e",""
"b","S","x","ׂ","iJ^j",""
"b","PO","N","","^iJ^j",""
"","PQ","e","Ă","iJ^j",""
"","OT","\","ڂ","^",""
"","OX֘A","[O","[","iJ^j",""
"b","OQ","[_[","[[","iJ^j",""
"b","PX","","肩","",""
"b","OS","","肩","^",""
"","PO","","肭","",""
"b","PX","n","肯","",""
"","OV֘A","","肱","Ȍ`e",""
"","OX","R[","肱[","iJ^j",""
"","OS","TCN","肳","iJ^j",""
"","bR","C","肵イ","^",""
"","bS","Xg","肷","iJ^j",""
"b","OR","`","","ڎiڔj","i"
"b","PV","̓I","Ă","Ȍ`e",""
"","OU","bg","Ƃ","iPʁj",""
"b","PR","h","","Ȍ`e",""
"","OU֘A","i[gj","ۂi߁[Ƃj","iPʁj",""
"","OP","_","Ă","",""
"","OS","","Ⴍ","",""
"b","PO","s","イ","^",""
"","OR","","イ","^",""
"b","PT","bNTbN","","iJ^j",""
"b","OR","`","傤","ڎiڔj","ꗿ"
"","PQ","̈","傤","",""
"b","OT","","傤","",""
"b","OR","","傤","",""
"","OU֘A","̎","傤イ","",""
"","OV","","傤傤","^",""
"","R","","ꂫ","",""
"","PP","","ꂫ","",""
"","OV","_","","",""
"","PO","Ջ@","񂫂ւ","Ȍ`e",""
"b","OS","ы","񂬂傤","",""
"","PQ","Վ","","",""
"","OX","ϗ","","",""
"","OW֘A","ދ`iTj","邢iĂj","",""
"","PQ","ސl","邢񂦂","",""
"","PP","ݐiې","邢񂩂","",""
"","OT","[","[","iJ^j",""
"b","PR","","ꂢ","",""
"","P","","ꂢ","Ȍ`e",""
"b","OV","0.`","ꂢĂ`","",""
"b","OT","Ⓚ","ꂢƂ","^",""
"","bS","N","ꂢ˂","",""
"","bS","","ꂢ","A̎",""
"b","bV","V[g","ꂵ[","iJ^j",""
"","OV","W","ꂶ","iJ^j",""
"b","PS","","","",""
"","OS","be","Ă","iJ^j",""
"b","OP","bh","","iJ^j",""
"b","PU","","Ƃ","",""
"b","OV","x","ׂ","iJ^j",""
"b","QO","|[g","ہ[","iJ^j",""
"b","PQ","","񂠂","^",""
"b","OP","Az","񂻂","^",""
"b","OR","^","񂽂傤","iJ^j",""
"","OP","A","񂿂イ","",""
"","OT","A","炭","",""
"b","PP","V","낤","",""
"","bP","Vlz[","낤ف[","iJ^j",""
"b","PQ","낤","낤","",""
"","OP","J","낤ǂ","^",""
"b","PV","Vk","낤","",""
"b","OX","[v","[","iJ^j",""
"","OR","^","낭","",""
"","OR֘A","Pbg","낯","iJ^j",""
"","bR","IX","Ă","",""
"","OS","IVC","ĂԂ","",""
"b","OQ","{bg","ڂ","iJ^j",""
"b","OQ","`H","","ڎij",""
"","OT","","","",""
"","bR","","킢","",""
"","OW֘A","apiTj","킦iĂj","",""
"b","QO","䂪","킪","",""
"b","PO","킪܂","킪܂","Ȍ`e",""
"b","OX","","킩","",""
"b","S","","킩","",""
"","OU","킭","킭","","N"
"b","PS","킭킭","킭킭","i[ԁj",""
"b","OS","a","킲","",""
"","OR","킴","킴","",""
"","PO","Ђ","킴킢","",""
"b","QO","킴킴","킴킴","",""
"","PQ","킸","킸","",""
"b","PV","Yۂ","킷ۂ","`eij",""
"","OP","ap","킹","",""
"b","PO","b","킾","",""
"","OU","ǂ","킽ǂ","",""
"","OW","킽","킽","","j"
"","OX","i^","","",""
"","OX","a","ӂ","",""
"b","PS","΂","炢","",""
"","PO","΂΂","炢Ƃ΂","ij",""
"","PP","΂҂ɂȂ","炢̂ɂȂ","p",""
"b","PS","΂ɂ͕","炤ǂɂ͂ӂ","piƂ킴j",""
"b","PS","`","","ڎij",""
"","bR","","肠","",""
"b","PS","","肠","",""
"","OU","芨","肩","",""
"b","QO","荞","肱","ij",""
"","PO֘A","","т","",""
"","OS","","т","ij",""
"b","OU","","","","KX"
"b","OV","","","","Z"
"","OQ","","","",""
"","PQ","X","","",""
